id,x_m,y_m,z_m,px_beta_gamma,py_beta_gamma,pz_beta_gamma,px_MeVc,py_MeVc,pz_MeVc,macro_charge_C
0,3.98369967263972403e-04,-5.62823337417524966e-04,5.88834943748445180e-02,1.71100701126593714e-06,6.97445954052225963e-07,-4.74226594720657231e-07,8.74324582756893880e-07,3.56394882520687463e-07,-2.42329789902255845e-07,-3.90625000000000024e-12
1,4.21181029424531650e-05,-1.57090051930705663e-03,1.00165474993301973e-01,-3.80289953203397242e-06,-4.24749472169899965e-07,-7.79662300288435352e-08,-1.94328166086935995e-06,-2.17046980278818899e-07,-3.98407435447390446e-08,-3.90625000000000024e-12
2,-9.78761874531953639e-05,6.19802205611669861e-04,1.83683215118597226e-01,2.37911943068205738e-06,-1.38846688366993780e-06,-2.34951383356980987e-07,1.21573002907853144e-06,-7.09506577555338176e-07,-1.20060156895417284e-07,-3.90625000000000024e-12
3,2.68429971790991632e-04,-1.07446867651375872e-03,-6.80978968913819455e-02,3.40551325060886321e-07,2.41503630019311602e-06,-2.35646484107878471e-06,1.74021727106112910e-07,1.23408354939868222e-06,-1.20415353379125895e-06,-3.90625000000000024e-12
4,1.01682627866623741e-03,-1.45676824469415924e-03,2.63589274161202987e-02,1.57106474655950772e-06,-2.33398592054048127e-07,-1.35140510041737799e-06,8.02814085491908477e-07,-1.19266680539618601e-07,-6.90568006313280206e-07,-3.90625000000000024e-12
5,3.75264499521405566e-04,-1.15030439561476252e-03,1.69263911154670342e-02,-2.70709540889777081e-06,-1.92789758816927565e-06,1.56746547484894400e-06,-1.38332575394676100e-06,-9.85155667554499869e-07,8.00974857647810369e-07,-3.90625000000000024e-12
6,5.56222190580178471e-04,-7.72790366311256046e-04,-4.80489027498114396e-02,-1.05454700628368983e-06,-1.89075786607103855e-06,-8.33060324556065570e-07,-5.38873520210965537e-07,-9.66177269562300684e-07,-4.25693825848149496e-07,-3.90625000000000024e-12
7,5.43774527775482837e-04,-1.29889676333042547e-03,-8.80154573042694899e-02,2.54539710508394964e-06,1.88447152980808264e-06,1.56118244590394629e-06,1.30069792069789836e-06,9.62964951731930224e-07,7.97764229856916610e-07,-3.90625000000000024e-12
8,9.53869714905892065e-04,8.56235264076370475e-05,-1.41616066442363492e-01,1.86969121641237775e-06,1.47749375986942803e-06,-8.28188427076403025e-07,9.55412211586725035e-07,7.54999311293277759e-07,-4.23204286236041944e-07,-3.90625000000000024e-12
9,1.13757909136232214e-05,1.94123446633947074e-03,-1.51315650705300619e-01,-2.17107088500318697e-06,2.37247549758564038e-06,-2.67128531483215358e-07,-1.10941722223662853e-06,1.21233497926626223e-06,-1.36502679587923043e-07,-3.90625000000000024e-12
10,8.15911137363755572e-04,7.58735643657171038e-04,-1.76784842967827073e-02,2.19381220189802271e-07,-9.30403775486191038e-07,9.61344777582071851e-07,1.12103803516988964e-07,-4.75436329273443622e-07,4.91247181344438748e-07,-3.90625000000000024e-12
11,6.05282356603980892e-04,-6.74100898055118619e-04,1.54474555526066926e-01,2.59505897310691809e-06,-8.09240144107466728e-07,2.80243529071718667e-07,1.32607513525763524e-06,-4.13521713638915503e-07,1.43204443355648232e-07,-3.90625000000000024e-12
12,1.72016379021557400e-03,-8.80010681266447090e-04,-2.13653881827350865e-02,1.07649891108577080e-07,1.27704678961377174e-06,-2.66468190428530633e-08,5.50090943564828916e-08,6.52570909492637368e-07,-1.36165245308979151e-08,-3.90625000000000024e-12
13,1.31883193857815391e-04,-6.25368307300708270e-04,3.52700905195862668e-02,7.63737460955754238e-08,-1.16148243374764457e-06,7.19058657294878116e-08,3.90269842548390447e-08,-5.93517523645046345e-07,3.67438973877682735e-08,-3.90625000000000024e-12
14,-1.03758819174042246e-03,5.77381131501050358e-04,-3.00665985753030690e-02,-1.39890680400748266e-06,1.43767158251441735e-06,-2.50382206397775253e-07,-7.14841376847823629e-07,7.34650178664867330e-07,-1.27945307469263162e-07,-3.90625000000000024e-12
15,-4.87931151037744243e-05,4.71121656629766908e-04,9.26251184031400554e-02,3.20740302359148273e-06,-1.30719024829831415e-06,-1.98522641847841943e-06,1.63898294505524769e-06,-6.67974216880438510e-07,-1.01445069984247229e-06,-3.90625000000000024e-12
16,-9.83695349403332798e-04,7.89314703528218265e-04,8.79077083298519801e-02,1.78590096161614163e-06,1.24327777961152686e-06,-2.64830405575658731e-06,9.12595391385848352e-07,6.35314945381490279e-07,-1.35328337249161608e-06,-3.90625000000000024e-12
17,-1.15168037066496891e-04,1.53771787345178385e-03,-7.64599038953681087e-02,5.06726021215528469e-06,-3.18870089372418577e-07,2.18087572431580711e-06,2.58936996841135059e-06,-1.62942615669305885e-07,1.11442749512537737e-06,-3.90625000000000024e-12
18,-5.45421779125162317e-04,3.82058103857638208e-04,-6.80309089038874937e-02,-7.49558641482371807e-07,1.35203139684857359e-06,2.16682218900368213e-06,-3.83024465797491997e-07,6.90888043789621116e-07,1.10724613858088168e-06,-3.90625000000000024e-12
19,1.39269759879561100e-03,1.98014381576470309e-04,1.71952460551766773e-01,-9.20647045109383297e-07,7.03343968119869500e-07,1.71608276402155542e-06,-4.70450640050894901e-07,3.59408767709253338e-07,8.76918292415014796e-07,-3.90625000000000024e-12
20,-1.05414570589696679e-03,-9.49459937583348027e-04,1.33571289622951644e-01,4.00534131139072533e-06,1.95068085582255573e-06,2.77012713124889493e-06,2.04672941012066068e-06,9.96797917325325972e-07,1.41553496406818534e-06,-3.90625000000000024e-12
21,-1.04808375712697049e-03,1.07561926255050400e-03,-8.07210965021011584e-02,1.19723002666879881e-06,1.42236354616855578e-06,1.17176907799860833e-06,6.11784543627756186e-07,7.26827772092132007e-07,5.98773998857288827e-07,-3.90625000000000024e-12
22,2.65049384508366285e-04,1.16573364685642082e-03,-5.92430722967307241e-03,-3.19036295718405631e-07,-3.47604307520270295e-06,-3.19411731572261680e-06,-1.63027547112105281e-07,-1.77625801142858118e-06,-1.63219394833425729e-06,-3.90625000000000024e-12
23,-1.14665729167150458e-03,-4.87075102852320961e-04,1.13851272729980413e-01,7.43897688137173983e-07,1.00062806074079928e-06,1.84866198775433371e-07,3.80131718638095901e-07,5.11320939038548489e-07,9.44666275742464548e-08,-3.90625000000000024e-12
24,1.94618236627008541e-04,7.08719099230940321e-04,8.80223584740381752e-03,-1.08127266933967100e-06,-9.38480106335223490e-07,-2.43413848682496835e-06,-5.52530334032571943e-07,-4.79563334337299225e-07,-1.24384476676755884e-06,-3.90625000000000024e-12
25,2.89385926683049003e-04,-1.87002318136205228e-04,-1.01258257746409730e-01,2.29663717116769221e-06,-3.23602427137013060e-06,3.17083303015317400e-06,1.17358159446669082e-06,-1.65360840267013681e-06,1.62029567840827196e-06,-3.90625000000000024e-12
26,5.47097919520569140e-04,1.86336447838297180e-04,-1.97821579223448923e-01,-8.53341183251160032e-07,4.92850597278201594e-06,9.34056930939717537e-07,-4.36057344641342804e-07,2.51846655209161033e-06,4.77303091710195683e-07,-3.90625000000000024e-12
27,9.60727397299890800e-06,9.75810660649356751e-04,1.93595494178828487e-01,-6.29371922029755911e-07,2.18797859100969282e-07,-9.59277847363830373e-07,-3.21609052157205273e-07,1.11805706000595300e-07,-4.90190980002917372e-07,-3.90625000000000024e-12
28,-1.35145266321319004e-03,1.16703637527939888e-04,5.61353631195170288e-02,2.92286853849880585e-06,-8.26671002814803117e-08,4.21401415936215087e-07,1.49358582317288992e-06,-4.22428882438364404e-08,2.15336123543405927e-07,-3.90625000000000024e-12
29,7.61428946851899270e-04,-6.93964848586135319e-04,5.14818343101795528e-02,-1.74901314673912872e-06,1.08262723960616414e-06,-2.95446681345128649e-06,-8.93745717983694772e-07,5.53222519438749837e-07,-1.50973254167360752e-06,-3.90625000000000024e-12
30,-4.13657734263018009e-04,-4.17308341181175281e-05,-5.29578384933243537e-02,-1.36101042270793286e-06,2.36762482807871717e-06,-4.09612419367429967e-06,-6.95476326003753671e-07,1.20985628714822440e-06,-2.09311946296756700e-06,-3.90625000000000024e-12
31,3.11442950464279266e-04,-3.85534268221127694e-04,3.06024041372493193e-02,5.02464860445875141e-07,2.21535221141395175e-06,1.57155254606862606e-07,2.56759543687842224e-07,1.13204498003252927e-06,8.03063351041067968e-08,-3.90625000000000024e-12
32,-8.11300810064321165e-05,9.19711620288352831e-04,1.68596926900123012e-01,2.77935043195458188e-06,2.36351791861345588e-06,8.81665850280931249e-07,1.42024807072879145e-06,1.20775765641147593e-06,4.50531249493555857e-07,-3.90625000000000024e-12
33,-7.49104907576901953e-05,-7.30266685213552705e-04,-2.26734972836241458e-02,-3.17712003727462988e-06,-1.00250713504700872e-06,-7.28998335538571631e-07,-1.62350833904733587e-06,-5.12281146009021490e-07,-3.72518149460210112e-07,-3.90625000000000024e-12
34,-5.30229464450824163e-04,-1.65586969252270490e-03,2.81182743001697540e-03,1.84597970903190007e-06,-2.81619241372969997e-07,-6.92040780527489575e-07,9.43295631315300990e-07,-1.43907432341587660e-07,-3.53632838849547201e-07,-3.90625000000000024e-12
35,-4.87599394120870344e-04,9.04822382980876943e-04,-1.25482342938199390e-02,-2.64060993232847535e-06,-5.46354910074470914e-07,2.72240466015264385e-07,-1.34935167541985103e-06,-2.79187359048054617e-07,1.39114878133800097e-07,-3.90625000000000024e-12
36,9.29933662401298392e-04,7.70521464110879317e-04,-4.95107315762933278e-02,-4.92948607150084038e-06,-3.18928373273384475e-07,5.25146208540272947e-07,-2.51896738253692952e-06,-1.62972398742699478e-07,2.68349712564079479e-07,-3.90625000000000024e-12
37,-3.26472119497743583e-04,-5.23207891716390649e-04,-4.52038992687356922e-02,-7.37416449670535505e-07,-5.13368030978045755e-07,-1.33856568069699906e-06,-3.76819805781643634e-07,-2.62331063829781413e-07,-6.84007062836166499e-07,-3.90625000000000024e-12
38,8.21993589265341846e-04,-5.18336974392629617e-04,-4.19757893396815740e-02,1.49364360233268804e-06,-1.31449754662614292e-06,2.06296441171077304e-06,7.63251880792003651e-07,-6.71708246325959045e-07,1.05417481438420495e-06,-3.90625000000000024e-12
39,-8.05558428381119478e-04,1.39805986245099528e-03,-3.62789050852726988e-02,4.46055863880968674e-07,-3.95334716242389139e-06,-8.31649520951119180e-07,2.27934546443175000e-07,-2.02016039999860840e-06,-4.24972905206021894e-07,-3.90625000000000024e-12
40,-1.58442329868405905e-04,-8.70361600720459647e-04,2.23451553952780310e-02,2.98258616551885568e-07,1.38123589522544765e-06,-2.17910840697281361e-08,1.52410153058013523e-07,7.05811542460203721e-07,-1.11352439596310782e-08,-3.90625000000000024e-12
41,-7.92722527985415958e-04,-6.79303244218956389e-04,-2.04952420161620991e-01,-5.05596121106100179e-07,1.32326564425998617e-06,2.83744937662043988e-06,-2.58359617885217172e-07,6.76188744216852947e-07,1.44993663145304476e-06,-3.90625000000000024e-12
42,-1.65800726262249273e-03,1.70487277216517844e-04,7.39948316636636488e-02,-3.73752134628088580e-06,-1.46423715378242983e-06,3.02596877324284988e-06,-1.90987340794953273e-06,-7.48225185582821640e-07,1.54627004312709622e-06,-3.90625000000000024e-12
43,-1.68304370902112757e-03,1.42405415529609788e-04,1.65201491515496873e-02,3.14774099779655975e-07,-2.13451482418972442e-06,3.09006350018033375e-06,1.60849564987404195e-07,-1.09073707516094930e-06,1.57902244859215052e-06,-3.90625000000000024e-12
44,3.02187235053500650e-03,-1.01409690095525151e-03,-6.92190130443380569e-02,3.59769690710076493e-06,-6.58028313655541554e-07,1.24784882262094313e-06,1.83842311952849091e-06,-3.36252468277981724e-07,6.37650748359301962e-07,-3.90625000000000024e-12
45,-1.07334355867270666e-03,7.99493843940533638e-04,1.02088195431648932e-01,-1.72479961732859031e-07,5.01633404580015379e-07,1.69548898549639674e-06,-8.81372604454909639e-08,2.56334669740387862e-07,8.66394871588658787e-07,-3.90625000000000024e-12
46,-2.93738086161870321e-04,1.49245484366431229e-03,2.07859944535363467e-01,-7.16919917223957530e-07,-3.49441397749663833e-07,-8.01829511638417097e-07,-3.66346077701442282e-07,-1.78564554250078227e-07,-4.09734880447231144e-07,-3.90625000000000024e-12
47,-4.87822542074951176e-04,5.29415088167636480e-04,-2.14047668244448236e-02,-3.54268939379070985e-06,6.75315579374831976e-07,1.39708748822129018e-06,-1.81031428022705266e-06,3.45086261060539156e-07,7.13911706481079310e-07,-3.90625000000000024e-12
48,-6.53978139738496862e-04,-4.82329573324356072e-04,-2.54218135459049061e-02,9.24599100368900449e-08,-1.38913952915149888e-07,1.35064266658591240e-06,4.72470140288508130e-08,-7.09850299396415965e-08,6.90178402625401248e-07,-3.90625000000000024e-12
49,-1.30155627539599154e-03,-1.01040656222852216e-04,7.84137299818362110e-02,-1.58640033698681066e-06,-2.27367870232778096e-06,6.55022948342080183e-07,-8.10650572200260274e-07,-1.16184981688949610e-06,3.34716726602802965e-07,-3.90625000000000024e-12
50,-9.55071532997747979e-04,-5.34616852243496496e-04,-9.20745978052622260e-02,6.97570076830985938e-08,3.16061610806747915e-06,-2.98562393648138773e-06,3.56458309260633835e-08,1.61507483122248196e-06,-1.52565383154198926e-06,-3.90625000000000024e-12
51,3.68360897178410371e-04,-1.13960105917775825e-04,9.19929963513762966e-02,-3.16370732473430618e-07,-2.60865863974331514e-06,3.89765209949499754e-06,-1.61665444293923061e-07,-1.33302456490883411e-06,1.99170022284194364e-06,-3.90625000000000024e-12
52,-3.24001992540641124e-04,-1.47741039586120164e-03,5.55597930255623471e-02,-1.01820006290185870e-06,1.26694695081181051e-06,-4.52939348207423149e-06,-5.20300232142849792e-07,6.47409891864835171e-07,-2.31452006933993241e-06,-3.90625000000000024e-12
53,-3.06775274640391337e-04,1.13445574912935570e-03,7.09386070145345410e-02,-2.08377285422261705e-06,1.26843645124263871e-06,-1.00712240947951439e-06,-1.06480792850775741e-06,6.48171026584988405e-07,-5.14639551244031906e-07,-3.90625000000000024e-12
54,-2.63488274645520566e-03,-1.98113659349231572e-03,2.22805115272997015e-03,-1.40358542857766003e-06,1.10803604379680856e-06,2.13199691221588882e-08,-7.17232154003184264e-07,5.66206418380169207e-07,1.08945042214231921e-08,-3.90625000000000024e-12
55,-7.60923403483822355e-04,-2.25064251588614258e-03,-5.43995115477376723e-02,4.19950983920368296e-08,3.12793197943253601e-07,-1.13299142558048091e-06,2.14594952783308205e-08,1.59837324149002586e-07,-5.78958618471625729e-07,-3.90625000000000024e-12
56,1.28003827753934052e-03,6.25785031398921237e-04,-8.95357663049436148e-02,2.78484644796308878e-06,1.78833116298583693e-06,-4.40473883465247540e-07,1.42305653490913832e-06,9.13837224285762735e-07,-2.25082154450741495e-07,-3.90625000000000024e-12
57,2.76713803819579845e-04,1.00453948040045492e-03,-1.93803160148799530e-02,-8.88006815416031094e-07,-3.75779790017065707e-06,-2.36051755768298908e-06,-4.53771482677591890e-07,-1.92023472698720570e-06,-1.20622447197600740e-06,-3.90625000000000024e-12
58,1.76374171563867775e-03,-7.17543229445332591e-04,2.09603399291391407e-01,2.38754018290630437e-06,-2.46556190680530031e-06,-9.79528225644452846e-07,1.22003303346512151e-06,-1.25990213437750851e-06,-5.00538923304315398e-07,-3.90625000000000024e-12
59,1.52561880641683247e-03,5.11698772247812781e-04,2.17997878539582524e-02,3.05771077889364167e-06,1.90492008158133276e-06,5.03036778169260366e-07,1.56249020801465084e-06,9.73414161688061048e-07,2.57051793644492052e-07,-3.90625000000000024e-12
60,2.58197797376366014e-05,-9.41024389038115031e-04,9.73908109472836625e-02,6.26348105814226569e-07,-7.81241098196505965e-07,1.87948292081289895e-07,3.20063882071069792e-07,-3.99214201178414552e-07,9.60415772535391377e-08,-3.90625000000000024e-12
61,1.26654181673206711e-03,7.78462042168633875e-04,2.75892183994027873e-02,-6.92901891631217417e-08,2.41273843810443545e-06,1.34005937815090476e-06,-3.54072866623552132e-08,1.23290934187136650e-06,6.84770342235112292e-07,-3.90625000000000024e-12
62,1.00913850902939866e-04,-9.36884088354849286e-04,-6.60831229922168861e-02,-1.55132236563876703e-06,2.60759479513779457e-06,1.52304882495748598e-06,-7.92725728841410018e-07,1.33248094031541310e-06,7.78277949553275333e-07,-3.90625000000000024e-12
63,-1.45054604550982425e-03,4.78116575137580628e-04,-9.07489675764848874e-02,2.06043271735700214e-06,2.34901307892895595e-06,1.44520442398456929e-06,1.05288111856942808e-06,1.20034568333269652e-06,7.38499460656114952e-07,-3.90625000000000024e-12
64,8.32917909934155661e-04,-6.67574074728732089e-04,1.41584531975686073e-01,3.43168329604713916e-07,2.48127733238214040e-06,2.21630894071374563e-06,1.75359016428008826e-07,1.26793271684727377e-06,1.13253386870472399e-06,-3.90625000000000024e-12
65,1.56321519981299640e-03,1.52758652709051343e-03,1.13838651085080206e-01,-4.79844093982964383e-07,-3.22444691809610281e-07,5.05432558567877260e-07,-2.45200332025294824e-07,-1.64769237514710844e-07,2.58276037428185297e-07,-3.90625000000000024e-12
66,-3.09727912605194306e-04,-3.19004439947836798e-04,-7.42109309745831308e-02,1.01141070889280370e-06,-7.80136129003535340e-08,-2.66351133676111123e-06,5.16830872244222723e-07,-3.98649561920806548e-08,-1.36105429308492785e-06,-3.90625000000000024e-12
67,3.23827553005741841e-04,1.67108420793931267e-03,-1.09510903864718248e-01,2.29410232910484538e-06,-1.28441479684592019e-06,-2.22107322855718302e-06,1.17228629017257599e-06,-6.56335961188265221e-07,-1.13496841979272060e-06,-3.90625000000000024e-12
68,2.41764876061771388e-03,-5.73608743462204100e-04,-1.17395064184279752e-01,-1.63230680563740694e-06,9.53340008145078468e-08,-4.59596369125953187e-07,-8.34108777680714911e-07,4.87156744162135140e-08,-2.34853744623362083e-07,-3.90625000000000024e-12
69,3.33730761254168878e-04,1.07078712234561987e-03,-3.64009884459103525e-02,-4.48114950177847416e-06,-3.04728904470451975e-06,-3.13613152970898293e-06,-2.28986739540880042e-06,-1.55716470184400952e-06,-1.60256321168129038e-06,-3.90625000000000024e-12
70,-1.02678160516631836e-03,1.74752075677760198e-03,-1.10621082622547953e-01,-1.55049187090781049e-06,1.45064914557658264e-07,-1.36319279392903732e-06,-7.92301346033891197e-07,7.41281713389633804e-08,-6.96591517697738060e-07,-3.90625000000000024e-12
71,9.89437270236339728e-04,1.45899896819445915e-04,-3.78922645016051898e-02,3.66466831680728051e-06,1.57461357955185356e-06,2.71206873989169407e-06,1.87264550988852029e-06,8.04627539150997221e-07,1.38586712608465577e-06,-3.90625000000000024e-12
72,4.19404506210799757e-05,-1.09345695057550809e-03,-1.11779523105822690e-01,1.31921420377526148e-06,-2.48458341760447552e-06,8.69627887899057126e-07,6.74118458129158623e-07,-1.26962212639588699e-06,4.44379850716418188e-07,-3.90625000000000024e-12
73,3.01314225950089973e-04,-1.04372901148020998e-03,-7.75508126620649413e-02,-2.87166998236162941e-06,-1.95871475278002642e-06,4.03189872017746093e-07,-1.46742336098679270e-06,-1.00090323867059356e-06,2.06030024601068245e-07,-3.90625000000000024e-12
74,1.44398533906293968e-03,1.79343603262016745e-03,1.10266461162032092e-01,6.84889919888130865e-08,1.20002320384546524e-06,-4.80069963345785698e-07,3.49978749062834905e-08,6.13211857165032759e-07,-2.45315751269696476e-07,-3.90625000000000024e-12
75,8.90578142536754261e-04,-2.56640010311767427e-04,8.62542824706995052e-03,2.10058512274649043e-06,1.59573860145568972e-06,7.31595295884251355e-07,1.07339899772345659e-06,8.15422425343857459e-07,3.73845196196852435e-07,-3.90625000000000024e-12
76,-7.42927523626459789e-04,-2.81259069906132425e-03,1.91292205120348197e-02,-1.32865132842422494e-06,-1.06017131101776169e-06,2.11154836285784566e-06,-6.78940828824778906e-07,-5.41747539930076279e-07,1.07900121342035918e-06,-3.90625000000000024e-12
77,2.16818480981439271e-04,9.81802111800164331e-04,-1.20365599811010304e-01,5.62531872557699652e-06,-7.83233367741139103e-07,4.59341108536034826e-07,2.87453786876984528e-06,-4.00232250915722065e-07,2.34723306461913802e-07,-3.90625000000000024e-12
78,1.14210853326365629e-03,-5.45878128625047971e-04,-1.24602747164144823e-01,-1.56080552655030172e-06,-4.59497559104195706e-06,1.30166384490534745e-06,-7.97571624067204205e-07,-2.34803252702244018e-06,6.65150224746632612e-07,-3.90625000000000024e-12
79,-2.67120060694717783e-04,9.18887909356646366e-04,-2.20552206684533408e-03,4.32293280982810795e-07,1.43349011190172283e-06,-1.10333784134944687e-06,2.20901866582216320e-07,7.32513447181780414e-07,-5.63805636929567324e-07,-3.90625000000000024e-12
80,4.29895696237319930e-04,-8.93009416162131070e-04,4.64748149779190475e-02,-1.49043074116997492e-06,2.96269165838770820e-06,-1.68342011190365927e-06,-7.61610108737857253e-07,1.51393543743611898e-06,-8.60227677182769869e-07,-3.90625000000000024e-12
81,9.70785751790079459e-04,-8.97486719004220277e-04,4.06776963273642322e-02,1.43825643938974687e-06,1.92818890539023137e-06,7.24261552953434308e-08,7.34949040528160683e-07,9.85304530654408162e-07,3.70097653559204913e-08,-3.90625000000000024e-12
82,-1.35731548892289457e-03,2.14792603166323365e-04,-1.50888423044884701e-01,-1.00758010875734650e-06,5.35680677901799567e-07,-3.32872687590518787e-06,-5.14873435575004105e-07,2.73732826407819561e-07,-1.70097943358755111e-06,-3.90625000000000024e-12
83,3.91032323839039060e-04,-2.01212996741134722e-05,-1.13529675289702731e-01,-4.82424852382992696e-07,-6.62377794302168334e-07,-2.66366849943844605e-06,-2.46519099567709249e-07,-3.38475052888408014e-07,-1.36113460321304597e-06,-3.90625000000000024e-12
84,3.46828736640061104e-04,-9.98378905893211642e-04,7.19880454882500156e-03,-5.05525217329221869e-07,1.76048995257416329e-06,4.50012303823303173e-06,-2.58323386055232372e-07,8.99610365765397441e-07,2.29956287253707942e-06,-3.90625000000000024e-12
85,-9.25216307348795584e-04,5.23827236037448956e-04,-5.70833461787450674e-02,-2.05712619960115752e-06,9.03488339159595151e-07,8.76257788613033064e-07,-1.05119148799619156e-06,4.61682541310553137e-07,4.47767729981259889e-07,-3.90625000000000024e-12
86,1.42059725104608865e-03,4.44435868640345115e-04,5.27815710526070916e-02,-5.02142101795049549e-07,-1.02630938352268314e-06,1.02986976898562522e-06,-2.56594614017270319e-07,-5.24444094980091107e-07,5.26263451951654460e-07,-3.90625000000000024e-12
87,-1.33795105743115227e-03,-2.09068952076674978e-03,-8.02545024971155624e-02,1.48031870166644151e-06,-2.67241024423696840e-06,2.98509131502954447e-06,7.56442856551551644e-07,-1.36560163480509094e-06,1.52538166198009728e-06,-3.90625000000000024e-12
88,1.80440541685668592e-03,-9.44023168773857626e-04,1.21754405465026944e-01,-1.96748334858317309e-07,2.86106603259858933e-07,-1.02137150262240557e-06,-1.00538399112600141e-07,1.46200474265787925e-07,-5.21920837840049289e-07,-3.90625000000000024e-12
89,1.25261966321933986e-03,-5.85830914493987880e-04,-2.13244603264417937e-02,2.44212914106261185e-06,-2.48329350566487772e-06,-8.54466321608724724e-07,1.24792799108299477e-06,-1.26896298139475263e-06,-4.36632290342058329e-07,-3.90625000000000024e-12
90,1.30485361518630004e-03,-2.57511994329037437e-04,-4.07644803224615909e-02,3.30098880255813252e-07,-1.70526588857552811e-06,-4.12169308800089318e-07,1.68680527810720570e-07,-8.71390869062094872e-07,-2.10618516796845642e-07,-3.90625000000000024e-12
91,-5.76825040898855152e-04,7.12067845598632928e-05,-1.10506416383766900e-02,1.02702435054346915e-06,2.30455231131759018e-06,-2.96289236357631865e-07,5.24809443127712759e-07,1.17762623108328867e-06,-1.51403799778749898e-07,-3.90625000000000024e-12
92,1.23314267064160801e-03,2.36209717102420767e-04,1.17854464150180360e-01,-8.52336373319645981e-07,9.42719262484910887e-07,2.62151921278053529e-07,-4.35543886766339092e-07,4.81729543129789478e-07,1.33959631773085358e-07,-3.90625000000000024e-12
93,-1.06631383729957453e-04,2.50182429334268579e-03,-1.15515191640264640e-02,-1.94271027808557729e-06,1.69953455575235021e-06,-5.06819015622627882e-07,-9.92724952101730062e-07,8.68462157989450921e-07,-2.58984516983162872e-07,-3.90625000000000024e-12
94,-1.44558715207584109e-04,-7.96345169661152809e-04,-1.68580745424415257e-01,-1.67460538253639109e-06,1.89671933076129078e-06,1.13804360785421097e-06,-8.55723350476095850e-07,9.69223578019019650e-07,5.81540283613501807e-07,-3.90625000000000024e-12
95,-8.64138817304758674e-04,2.14219890935727920e-04,-9.87533502284733966e-02,-1.45440113862074439e-06,1.34857052314469102e-06,-1.29442812080678849e-06,-7.43198981835200367e-07,6.89119537326937175e-07,-6.61452769732268899e-07,-3.90625000000000024e-12
96,8.29858757856255448e-04,-1.62292877667033334e-03,-1.66743432399719393e-01,-1.03816997259997079e-06,-1.88511986737694864e-06,1.65103633252479665e-06,-5.30504855998585116e-07,-9.63296252229620798e-07,8.43679565920171124e-07,-3.90625000000000024e-12
97,3.07316663730353092e-04,3.84401036061346273e-04,-1.12368972305660370e-01,-2.50226796444261696e-07,1.14602941132491314e-06,-2.49232428225289486e-06,-1.27865892983017728e-07,5.85621029187030592e-07,-1.27357770823122940e-06,-3.90625000000000024e-12
98,1.08325845303815596e-03,1.38649450567949659e-03,3.65925735451142001e-02,-8.26204131946887415e-07,-3.24747439719764372e-06,-1.28155553511893497e-06,-4.22190311424859458e-07,-1.65945941696799593e-06,-6.54874878445775758e-07,-3.90625000000000024e-12
99,-1.27646294053147878e-03,1.24907817749496126e-03,-2.79029216274553418e-02,-8.24410561667786249e-07,-4.38458924956998667e-07,-3.02515119592215159e-06,-4.21273797012238801e-07,-2.24052510653026321e-07,-1.54585226111621952e-06,-3.90625000000000024e-12
100,-1.68174344059993433e-04,4.89668944190531060e-04,-6.85895642881742956e-02,1.94021384341742842e-06,-3.23470802407989598e-06,2.18541488529219287e-06,9.91449273986305979e-07,-1.65293580030482698e-06,1.11674700638431058e-06,-3.90625000000000024e-12
101,1.51504004857759165e-03,-6.11127471804628723e-04,1.07210231437518649e-01,-3.43112808676187224e-07,1.92240198415432433e-06,-2.06067204197218136e-06,-1.75330645233531675e-07,9.82347413902859662e-07,-1.05300341344778472e-06,-3.90625000000000024e-12
102,7.80409885197965087e-04,1.77609178137747795e-03,5.14533487254211497e-02,1.26068543517401763e-07,1.01050736084522995e-06,4.10529730199195748e-06,6.44210257373923041e-08,5.16369261391912540e-07,2.09780692131789026e-06,-3.90625000000000024e-12
103,8.72999917671246129e-04,-3.74793886626273377e-04,-2.15742869974694662e-02,7.46163506524169629e-07,3.35490270191782564e-06,6.79791724939875787e-07,3.81289551833850687e-07,1.71435528068000889e-06,3.47373571444276513e-07,-3.90625000000000024e-12
104,-5.85534645789503546e-04,7.72902569687622062e-04,-6.25079093228230048e-02,2.75622513084208402e-06,8.15774204525926048e-08,3.02623216207869521e-07,1.40843104186030488e-06,4.16860618512748185e-08,1.54640463482221335e-07,-3.90625000000000024e-12
105,1.53014458536297683e-03,-8.20696280985783866e-05,-1.15109832704218595e-01,1.96929645883034725e-06,-2.21661507150555989e-06,-2.89738014864192898e-06,1.00631049046230756e-06,-1.13269030153934108e-06,-1.48056125595602578e-06,-3.90625000000000024e-12
106,-6.31856753305694058e-04,1.18883480048737836e-03,-4.45537822521555257e-02,5.74695764906644867e-07,4.34135668184039087e-06,3.06959445102635215e-06,2.93669535867295526e-07,2.21843326442043981e-06,1.56856276447446607e-06,-3.90625000000000024e-12
107,6.24443821689722690e-04,-1.53098764838274673e-03,4.87700399094843431e-02,4.64192263879049608e-07,1.48867572133812195e-06,7.28799642370914232e-07,2.37202246842194352e-07,7.60713293603780353e-07,3.72416617251537186e-07,-3.90625000000000024e-12
108,8.11616761734924191e-04,5.49628148665835315e-04,8.30278133243360500e-02,1.08016152724652040e-06,3.07070530462238696e-06,-1.86924496861807433e-06,5.51962540422971967e-07,1.56913041066203981e-06,-9.55184178963836007e-07,-3.90625000000000024e-12
109,-9.27813485657160634e-04,-1.59010733164898204e-03,-1.24700006002270894e-01,-1.95174656834464779e-06,-3.38608746102659875e-06,-1.34394025281699384e-06,-9.97342496424115072e-07,-1.73029069258459195e-06,-6.86753469189483827e-07,-3.90625000000000024e-12
110,8.94039788882226047e-04,4.60732773761299980e-04,8.62174471162097389e-02,2.31430404432085002e-06,2.01146566283231547e-07,-2.18023138179194797e-06,1.18260936664795437e-06,1.02785895370731320e-07,-1.11409823609568551e-06,-3.90625000000000024e-12
111,-4.90804329140905569e-04,8.68258520807547920e-04,-1.46332793527223393e-01,-9.02448577111465047e-07,-5.94305418898022036e-07,2.28541153708573963e-06,-4.61151222903958653e-07,-3.03690069056889248e-07,1.16784529545081290e-06,-3.90625000000000024e-12
112,4.80429857866636388e-04,-9.56903697830244052e-04,-3.50576541473422154e-02,1.25032413652298377e-06,1.09256732012369917e-06,2.69309974028249608e-06,6.38915633763244760e-07,5.58301900583210269e-07,1.37617396728435548e-06,-3.90625000000000024e-12
113,7.30969642556081626e-04,9.50502711318309147e-04,-7.39044577883314104e-03,1.38216176826216378e-06,2.47107668177044121e-06,-1.16043718701225132e-06,7.06284663581965709e-07,1.26272018438469542e-06,-5.92983402563260405e-07,-3.90625000000000024e-12
114,-2.67383580952718330e-04,1.42981952773967654e-03,1.12123152526449110e-01,-1.45427911726764033e-06,-3.51377014324744420e-07,4.28349416788572399e-06,-7.43136628923764199e-07,-1.79553654319944392e-07,2.18886551978960484e-06,-3.90625000000000024e-12
115,-5.79299916438736229e-04,3.85402473444498579e-04,-1.10756915825162578e-02,-1.83049056349569348e-06,7.08682322363984374e-07,1.35941049203190520e-06,-9.35380677946299355e-07,3.62136666727996034e-07,6.94658761428303593e-07,-3.90625000000000024e-12
116,1.06145584907539809e-03,5.56229286783668417e-04,5.35324549094524649e-02,-1.49335545944534141e-06,-2.04011964902957265e-06,4.28016129157782003e-06,-7.63104639776569484e-07,-1.04250114065411175e-06,2.18716241999626590e-06,-3.90625000000000024e-12
117,2.00766175702398386e-04,-4.23563351755065515e-04,1.20111463932333851e-01,3.31043847207902500e-08,-4.02363505613856179e-07,1.00413699413511466e-06,1.69163405923238170e-08,-2.05607751368680507e-07,5.13114004003043587e-07,-3.90625000000000024e-12
118,5.20694011390932616e-04,-2.18194131508613054e-03,-2.62372303083095622e-02,4.97911471178229316e-07,-2.50326684174517779e-06,-3.09424815401565564e-06,2.54432761772075183e-07,-1.27916935613178581e-06,-1.58116080670200007e-06,-3.90625000000000024e-12
119,3.78742255295111277e-04,-6.18794683028744442e-04,-8.00432189285508605e-02,-1.53217666595945246e-07,-1.28995647798440573e-06,9.30485771402511090e-08,-7.82942276305280196e-08,-6.59167760250031334e-07,4.75478229186683164e-08,-3.90625000000000024e-12
120,-5.15971307091983946e-04,4.60246290496237130e-04,-8.32785597240666142e-02,-2.09764185857724750e-06,5.14403738488311177e-06,1.08902351525560907e-06,-1.07189498973297360e-06,2.62860310367526996e-06,5.56491016295616201e-07,-3.90625000000000024e-12
121,4.75567986560623270e-04,1.45921703941742447e-03,1.05300569589919624e-01,4.08087550129700293e-06,-7.04485096525679476e-07,5.65974664148349585e-08,2.08532738116276868e-06,-3.59991884324622242e-07,2.89213053379806639e-08,-3.90625000000000024e-12
122,1.08997067419347405e-03,-9.70320456391376670e-05,1.28887582367106596e-01,-6.60369526429800774e-07,4.42916713209347250e-07,1.17386236166986568e-06,-3.37448828005628194e-07,2.26330440449976456e-07,5.99843666813301409e-07,-3.90625000000000024e-12
123,1.35300876496030034e-04,9.90628692383888629e-04,-1.00783664516707533e-01,-6.47254062486759917e-07,-1.71104733950484783e-06,-1.02242793559268330e-06,-3.30746825930734299e-07,-8.74345190486977307e-07,-5.22460675087861187e-07,-3.90625000000000024e-12
124,1.35422871040533446e-03,-4.63566414786536498e-04,1.43982489808902811e-02,-9.18854950887286873e-08,1.86681762057759222e-06,-2.75885713207758302e-06,-4.69534879903403572e-08,9.53943804115149642e-07,-1.40977599449164502e-06,-3.90625000000000024e-12
125,1.15881344019774964e-03,1.11445572944227802e-04,-3.57731123795832148e-02,-1.29153922728076340e-06,9.52553784874062250e-07,2.74891181448695451e-06,-6.59976545140470116e-07,4.86754984070645845e-07,1.40469393720283369e-06,-3.90625000000000024e-12
126,-5.31409606990886231e-05,1.19175997776138349e-03,1.20570041045619289e-01,-7.14182263011589856e-07,7.02646756677972629e-07,-2.79371993413074010e-07,-3.64947136398922431e-07,3.59052492662443996e-07,-1.42759088634080834e-07,-3.90625000000000024e-12
127,7.62749339572186408e-04,-5.22916386535459028e-04,-3.03652165051355519e-02,-3.97023803001352787e-07,3.55744006159315682e-07,-9.71512715441050053e-07,-2.02879163333691285e-07,1.81785187147410308e-07,-4.96442997590376600e-07,-3.90625000000000024e-12
128,7.48918479544810113e-04,8.34737119290538602e-04,-6.14687707029508978e-02,-4.11962281803919771e-07,-5.49363123374383524e-07,3.03761440644267328e-06,-2.10512726001803001e-07,-2.80724556044309986e-07,1.55222096169220618e-06,-3.90625000000000024e-12
129,-6.03411464502136069e-04,7.80212652411954068e-04,1.17079639432170202e-01,-3.48874431805569367e-09,3.21129375975995710e-06,-2.09302014956400996e-07,-1.78274834652645950e-09,1.64097111123733817e-06,-1.06953329642720905e-07,-3.90625000000000024e-12
130,1.69836695284851698e-04,-1.09327366645545925e-03,1.66316087043395483e-01,3.05802121531238646e-07,-1.59643371949543116e-06,3.60069497254230529e-07,1.56264884102462961e-07,-8.15777630662165302e-07,1.83995513096911801e-07,-3.90625000000000024e-12
131,1.22600693983061689e-04,5.43872603998058098e-04,-2.05439358622688029e-01,2.68065527535158102e-06,3.07237121043817774e-06,-2.07968779068692057e-06,1.36981484570465789e-06,1.56998168853390886e-06,-1.06272046104101652e-06,-3.90625000000000024e-12
132,-6.42851324552037211e-04,-1.18881068604249766e-04,3.73010207947426092e-02,4.71976177676057581e-06,6.05737883366230755e-07,9.79475336840920124e-07,2.41179826792465430e-06,3.09532058400143917e-07,5.00511897125710144e-07,-3.90625000000000024e-12
133,-8.23031757641697645e-04,-1.47338074151522904e-03,-1.58831286224793478e-01,1.89349595521346903e-06,8.88468819913664018e-08,-1.65127524538382881e-06,9.67576433114082649e-07,4.54007566975882301e-08,-8.43801650391136550e-07,-3.90625000000000024e-12
134,-3.44318726230551314e-04,3.19657650401504185e-04,2.74057504037179510e-02,9.03954795432710243e-08,-7.01678453165734245e-07,3.69504126171686373e-06,4.61920900466114917e-08,-3.58557689567690200e-07,1.88816608473731739e-06,-3.90625000000000024e-12
135,-1.69002057687648709e-03,-6.86969579507764098e-04,-8.66810380448647215e-03,7.45837226201961860e-08,-4.32484727272386253e-06,2.54307077248528859e-06,3.81122822589202518e-08,-2.20999695636189397e-06,1.29950916473998239e-06,-3.90625000000000024e-12
136,9.90961200223818700e-04,5.54507559354868612e-04,2.57411394360773892e-02,1.13388649960395408e-06,-1.00784424822265982e-07,-3.61603020872479897e-06,5.79416001297620520e-07,-5.15008410841779206e-08,-1.84779143665837221e-06,-3.90625000000000024e-12
137,-1.66295904310864696e-03,1.07264823010338019e-03,-9.26475701901125805e-03,6.25896647724684570e-06,-6.75979372877983631e-07,-6.84574261836261752e-07,3.19833186987313832e-06,-3.45425459540649624e-07,-3.49817447798329766e-07,-3.90625000000000024e-12
138,2.07719734509356665e-04,-6.70723324845064498e-04,-2.09255300678527212e-02,-1.13411226948132119e-06,2.90864075673335670e-07,-1.89934882802986554e-07,-5.79531369704955126e-07,1.48631542669074538e-07,-9.70567251123261262e-08,-3.90625000000000024e-12
139,-3.44103561052990371e-04,-4.12021862645137226e-04,-8.84228746692407586e-02,5.80868488706905912e-07,9.01076690149875257e-07,7.31508766725373305e-09,2.96823797729228918e-07,4.60450188666586254e-07,3.73800979796665764e-09,-3.90625000000000024e-12
140,6.56492739892570987e-04,8.82387822978045622e-04,-5.42411568014859388e-02,2.10923073193428989e-06,-2.01697824534332584e-06,1.78943925143531898e-06,1.07781690401842211e-06,-1.03067588337043949e-06,9.14403457483448001e-07,-3.90625000000000024e-12
141,-8.32349804840726531e-04,-8.21971906738785084e-04,-3.11558344873979730e-02,7.04809191001312160e-07,4.59545109060390817e-08,1.39636299451823943e-06,3.60157496601670517e-07,2.34827550729859709e-08,7.13541490198820312e-07,-3.90625000000000024e-12
142,1.39254213387214197e-03,-1.45915357222873909e-04,1.79048873400899283e-01,5.00363839003258024e-07,4.30042108105703652e-07,-8.72188342780706189e-07,2.55685921730664870e-07,2.19751517242014561e-07,-4.45688243160940861e-07,-3.90625000000000024e-12
143,-1.25904022184021515e-03,-1.08748455912341196e-03,-7.86025310132016514e-02,-1.61645346793634429e-06,-2.84258331804276198e-06,-2.40653102417484671e-06,-8.26007722115471943e-07,-1.45256007551985142e-06,-1.22973735335334671e-06,-3.90625000000000024e-12
144,-8.61510655517789365e-04,3.09460133279862253e-04,1.70440569252400587e-01,-1.24535319492655474e-06,1.53258448076622725e-06,-4.67916000571657632e-07,-6.36375482607469432e-07,7.83150669671542186e-07,-2.39105076292117054e-07,-3.90625000000000024e-12
145,-7.35498042049885286e-04,3.27631450842937033e-04,1.29973682015109726e-01,2.32289657332835135e-07,-2.07389766544884663e-06,-2.98054092258855628e-06,1.18700014897078759e-07,-1.05976170704436071e-06,-1.52305641144275221e-06,-3.90625000000000024e-12
146,2.36042792535791270e-03,2.01359654334057770e-04,9.67350016798425999e-02,1.07790185513097841e-07,4.40739896808754255e-06,-2.20691653999038180e-06,5.50807847971929986e-08,2.25218087269273433e-06,-1.12773435193508521e-06,-3.90625000000000024e-12
147,1.30558857076047154e-03,9.65660672584087051e-05,5.62468737249019052e-02,2.46463901342763818e-06,-2.32188394920404459e-06,-2.41793482521180756e-06,1.25943053586152322e-06,-1.18648269804326677e-06,-1.23556469568323373e-06,-3.90625000000000024e-12
148,-3.42938979503351626e-04,-8.68392926092628205e-04,-5.78453548938191731e-02,-1.89687047105277834e-06,-1.78066864346924251e-06,1.42359189512661231e-06,-9.69300810707969782e-07,-9.09921676812782987e-07,7.27455458409698949e-07,-3.90625000000000024e-12
149,1.14532864821639694e-03,1.33050547078860846e-03,2.56634755585277777e-02,1.91870819330698726e-07,-2.11176825973321827e-08,-1.20849684817992372e-06,9.80459886779870477e-08,-1.07911358072367459e-08,-6.17541889419941074e-07,-3.90625000000000024e-12
150,-1.19303895549969347e-03,1.22813630461096005e-03,1.44034241513866655e-03,1.55707848483597893e-06,3.28679143484932637e-06,3.76471843829753367e-07,7.95667105751185198e-07,1.67955042320800591e-06,1.92377112197003967e-07,-3.90625000000000024e-12
151,1.49367515472544955e-03,1.18250338604880260e-04,-1.11617456286857625e-01,-8.72750733456626715e-07,-2.16573988737641829e-06,-7.67690802925798288e-07,-4.45975624796336260e-07,-1.10669308244934974e-06,-3.92290000295082907e-07,-3.90625000000000024e-12
152,-2.59168031122353009e-04,-6.35885673080978852e-04,1.58984078140434248e-01,-2.52890457419184737e-06,2.42823687569816641e-06,-1.56923755897765307e-06,-1.29227023741203412e-06,1.24082904348176317e-06,-8.01880392637580781e-07,-3.90625000000000024e-12
153,-2.21724825351893697e-03,-5.59334931362470201e-04,-2.84757579034096292e-02,2.11345753807266493e-06,-2.41047811890179836e-06,1.58777395215563449e-06,1.07997680195513177e-06,-1.23175431875881901e-06,8.11352489551529197e-07,-3.90625000000000024e-12
154,-1.98959666881907233e-03,4.45772528497062018e-04,6.32882587609800845e-02,1.07696409799924362e-06,1.42323141669388624e-06,5.55757934330406501e-07,5.50328654077613543e-07,7.27271253930575932e-07,2.83992304442837703e-07,-3.90625000000000024e-12
155,8.63836836395750931e-04,8.48457135696908406e-04,-6.88844531915507388e-03,-2.02287256528674188e-06,5.17545441575041122e-06,-2.70014323227471090e-06,-1.03368788086152507e-06,2.64465720644846016e-06,-1.37977319169237739e-06,-3.90625000000000024e-12
156,9.55879837465779965e-04,-4.12267675942136046e-04,5.77902312197178109e-03,2.11436953271690205e-06,-3.69421379938966153e-07,-2.11977996945496859e-06,1.08044283121833704e-06,-1.88774325148811706e-07,-1.08320756439148907e-06,-3.90625000000000024e-12
157,2.45029264106674696e-04,9.98934225625516413e-05,5.33552922228687151e-02,1.49881452634079473e-06,2.72958383804899166e-06,1.93565151035938382e-06,7.65894222960146098e-07,1.39481734124303480e-06,9.89117921793645183e-07,-3.90625000000000024e-12
158,-6.19185048578451661e-04,-9.37235031426335920e-05,-5.52429818585791557e-02,-2.57936186916914516e-06,-1.46784986432545927e-06,1.04408210941231223e-06,-1.31805391514543316e-06,-7.50071280670309717e-07,5.33525957909691560e-07,-3.90625000000000024e-12
159,9.44051584515245536e-05,3.34567250011496393e-04,-7.14049583091538043e-02,7.11201193671804967e-07,1.72878738025199763e-06,-4.73162495615573182e-07,3.63423809966292335e-07,8.83410351308770770e-07,-2.41786035259557907e-07,-3.90625000000000024e-12
160,1.45572392505157258e-03,1.94329666652880997e-03,5.81628143553866161e-02,-3.48127140891970294e-06,-2.47963819465991977e-06,3.50718418876522967e-07,-1.77892968995796826e-06,-1.26709511747121913e-06,1.79217112045903249e-07,-3.90625000000000024e-12
161,1.27570405081800514e-04,-5.80400487284727447e-04,-1.31683675275986022e-02,-2.17282552904052877e-06,-2.85432790633173806e-06,9.45976129395492433e-07,-1.11031384533971031e-06,-1.45856156013551807e-06,4.83393802121096665e-07,-3.90625000000000024e-12
162,-1.75811258286778360e-04,7.21242482464476984e-04,3.32808718158443886e-03,2.40386824329367021e-06,-1.47320669645650933e-06,-5.99826278105367077e-07,1.22837667232306561e-06,-7.52808621889276230e-07,-3.06511228111842565e-07,-3.90625000000000024e-12
163,7.35155774836412728e-04,5.99704776140083033e-04,-4.32046000654384005e-02,-4.54915968021556656e-07,1.53664160277016933e-06,-7.18899223105592450e-07,-2.32462059659015465e-07,7.85223859015556563e-07,-3.67357503006957764e-07,-3.90625000000000024e-12
164,-1.26398775351725906e-03,-1.11777976122638136e-03,-1.00449030113317100e-01,-7.24456843394714230e-07,-3.18341045076470197e-07,-2.56985345014438531e-06,-3.70197446974698990e-07,-1.62672274034076272e-07,-1.31319511302378102e-06,-3.90625000000000024e-12
165,1.91352134977811866e-05,1.20990830409992210e-03,-8.63692013837147748e-02,2.29321538100080184e-06,2.74457721159315427e-06,-9.64392213040395666e-08,1.17183305969140982e-06,1.40247895512410188e-06,-4.92804420863642176e-08,-3.90625000000000024e-12
166,6.88687439109994569e-04,-1.23571178287565511e-04,1.29282132381009468e-01,4.89722856779589621e-08,2.26656891574559989e-07,-1.21071628873195189e-07,2.50248379814370302e-08,1.15821671594600163e-07,-6.18676023542027425e-08,-3.90625000000000024e-12
167,2.26460360145413998e-03,1.10123794519187759e-03,3.88282569128195684e-02,-1.60798172656504773e-06,1.11346493635855442e-06,1.21711880875918589e-06,-8.21678662274739372e-07,5.68980582479221328e-07,6.21947711275944053e-07,-3.90625000000000024e-12
168,5.55374579963480316e-04,1.35149252052691273e-03,-2.24258586350214312e-02,1.79457406673853617e-06,-2.06446379354271068e-06,1.71248587201376218e-07,9.17027348103391980e-07,-1.05494099850032512e-06,8.75080280599032429e-08,-3.90625000000000024e-12
169,-7.01870541212507915e-04,2.34113009438836634e-04,1.65190478374679317e-01,-2.70004777127751229e-06,3.32087688879249108e-06,-3.10495043677408447e-06,-1.37972441112280880e-06,1.69696809017296295e-06,-1.58662967319155729e-06,-3.90625000000000024e-12
170,-6.27810395788792929e-04,1.16714734847172402e-03,9.33382466581945819e-02,-4.65102512783980247e-07,2.79055332714354181e-06,-3.52230913551059393e-06,-2.37667384032613915e-07,1.42597275017035000e-06,-1.79989996824591358e-06,-3.90625000000000024e-12
171,-1.49720235088515979e-04,-7.11591368786285280e-04,-1.54385239682328312e-01,2.76934016241174707e-08,-3.41880357278838357e-06,1.55411951742875520e-06,1.41513282299240271e-08,-1.74700862569486413e-06,7.94155073406093886e-07,-3.90625000000000024e-12
172,-1.07954415765719675e-03,2.24665478537229324e-04,7.85485700380182394e-02,-9.16055636794367519e-07,-1.33973673052802986e-06,-2.01779472354873335e-06,-4.68104430401921837e-07,-6.84605469299823315e-07,-1.03109310373340267e-06,-3.90625000000000024e-12
173,-5.64709213682384223e-04,-5.10334447565425568e-04,-7.11461556088624769e-02,7.95251190973628274e-07,4.63019527815662186e-08,1.14966304608310513e-06,4.06373358587524032e-07,2.36602978713803371e-08,5.87477816548466733e-07,-3.90625000000000024e-12
174,2.45745584908151982e-03,-1.31233451351887506e-03,-1.41760172493075876e-01,1.39697050868243865e-06,-1.27074359001155449e-06,3.68830125951221154e-07,7.13851929936726178e-07,-6.49349974495904319e-07,1.88472194361074010e-07,-3.90625000000000024e-12
175,1.08781468335726150e-03,-1.04840821095834305e-03,1.02146369330281192e-01,2.36093681838177942e-06,8.77054293376153188e-07,7.01117478193957129e-07,1.20643871419308925e-06,4.48174743915214304e-07,3.58271031357112081e-07,-3.90625000000000024e-12
176,-7.92270675985235211e-04,1.04343283996950927e-03,1.38878950567214415e-01,1.56397951153269662e-07,-8.95649651398758502e-07,1.57455467979157483e-08,7.99193530393208039e-08,-4.57676971864765612e-07,8.04597441373494678e-09,-3.90625000000000024e-12
177,-4.34014763168510194e-04,8.10805435418931858e-08,-9.61540165679623943e-02,-1.17953706316775517e-07,4.73653209322159710e-06,-5.30828204438387930e-07,-6.02743439278722905e-08,2.42036789963623637e-06,-2.71253212468016251e-07,-3.90625000000000024e-12
178,8.86767533858581259e-04,-2.96112874399988627e-04,-9.25287001855308461e-02,-1.89184908246977294e-06,7.26243003264972510e-07,-4.28210042457773386e-07,-9.66734881142053989e-07,3.71110174668400940e-07,-2.18815331695922217e-07,-3.90625000000000024e-12
179,4.47127027503531750e-04,3.75890003585395958e-04,-3.79202630732411059e-03,-1.19356708493291078e-06,1.57060960531794044e-06,-3.30923290767933329e-07,-6.09912780400717377e-07,8.02581508317467626e-07,-1.69101801582413946e-07,-3.90625000000000024e-12
180,-4.20077295623450669e-04,9.57563775007480751e-04,-6.44215556825370878e-02,-1.53586600336275055e-06,1.11903083253852156e-06,3.77189116224094886e-06,-7.84827527718365569e-07,5.71824755427184535e-07,1.92743638390512492e-06,-3.90625000000000024e-12
181,-8.51602156695261282e-04,-2.42209880824479311e-04,5.16481757940363134e-02,2.54522935730991059e-06,5.14599027609931994e-07,6.12336632556327694e-07,1.30061220158536434e-06,2.62960103108675250e-07,3.12904019236283464e-07,-3.90625000000000024e-12
182,-3.85555644941296160e-04,-6.28408389808484649e-04,-1.01979195325048677e-01,-3.66779197770573816e-08,1.39286196611091423e-06,-3.63572142556481489e-07,-1.87424170060763238e-08,7.11752464682677158e-07,-1.85785364846362034e-07,-3.90625000000000024e-12
183,-7.98269357800980030e-04,-6.69579036095633759e-04,1.96673298782426897e-01,7.11880102084504075e-07,-2.84703852122402824e-07,4.21054601399637545e-07,3.63770732165181579e-07,-1.45483668434547855e-07,2.15158901315214801e-07,-3.90625000000000024e-12
184,-1.78258578690505733e-03,-4.67545411793519189e-04,5.18093233045836300e-03,-3.81117042261033477e-06,-1.41070396716636688e-08,-1.06562450430840678e-06,-1.94750808595388106e-06,-7.20869727222013474e-09,-5.44534121701595841e-07,-3.90625000000000024e-12
185,-8.91857719255890330e-04,-1.19741768681428740e-03,5.38958911445320057e-02,-6.26871702398246338e-07,7.23622585394815315e-07,-2.43856655006022853e-06,-3.20331439925503869e-07,3.69771141136750629e-07,-1.24610750708077670e-06,-3.90625000000000024e-12
186,1.35902476917873299e-03,1.08387932333898042e-03,4.63613342818090628e-04,-1.68985916141925007e-06,3.12596872945118425e-07,9.40503959872260737e-08,-8.63518031485236850e-07,1.59737002074955511e-07,4.80597523494725280e-08,-3.90625000000000024e-12
187,-4.52306281234166356e-04,6.45364841404697052e-04,-1.65285047940044477e-01,1.73408569378151149e-06,6.31476631051814324e-07,-3.10960928752152514e-06,8.86117789522352430e-07,3.22684558467477105e-07,-1.58901034592349937e-06,-3.90625000000000024e-12
188,-8.48498534165337661e-04,1.44811420812418945e-03,4.16139044978327682e-02,7.57832220077042792e-07,-3.23413272600234618e-07,2.35082357162018753e-07,3.87252264459368874e-07,-1.65264182298719895e-07,1.20127084509791585e-07,-3.90625000000000024e-12
189,1.50600861694556747e-04,-1.97325274227319955e-04,-3.90076478313826636e-02,1.89782157676863135e-06,1.77251375444740592e-07,-4.09898667588539211e-07,9.69786825728770605e-07,9.05754528522624498e-08,-2.09458219137743541e-07,-3.90625000000000024e-12
190,-8.50654752278210053e-04,5.67019712790603979e-04,4.96532461204065578e-02,-3.10301577465020454e-06,-8.69449088170165498e-07,1.53740627037630812e-06,-1.58564106084625451e-06,-4.44288484054954568e-07,7.85614604162293501e-07,-3.90625000000000024e-12
191,5.10857878407758618e-04,-2.43909272754739247e-03,1.27222554205764254e-01,9.83774699187473617e-07,-2.36747655865988957e-06,-2.67829775513005879e-06,5.02708871284799013e-07,-1.20978052147520349e-06,-1.36861015287145999e-06,-3.90625000000000024e-12
192,8.50441121154787223e-04,1.55957579082449129e-03,-5.65105503031575959e-02,-7.79201401932009399e-07,8.36480032128178260e-07,-1.45710787660763071e-06,-3.98171916387256833e-07,4.27441296417499109e-07,-7.44582124946499275e-07,-3.90625000000000024e-12
193,-2.17311935039226278e-03,-1.30446222771179012e-03,-8.89832777173142908e-02,2.55802612130808251e-06,4.04262638471925808e-06,-2.19293180669083602e-06,1.30715134798843024e-06,2.06578208259154091e-06,-1.12058815321901712e-06,-3.90625000000000024e-12
194,2.00403375504052805e-03,-7.54679785353972355e-04,-4.67093654566554523e-02,3.85719902143479032e-06,3.68601284277559307e-06,-3.95947956787660631e-06,1.97102869995317791e-06,1.88355256265832812e-06,-2.02329405918494574e-06,-3.90625000000000024e-12
195,9.93355155904946741e-04,8.92028161097846331e-04,9.67444878018845628e-02,-3.21563510571322624e-06,-3.74045011171562869e-07,-7.39801591022772820e-08,-1.64318953901945874e-06,-1.91137000708668633e-07,-3.78038613012636898e-08,-3.90625000000000024e-12
196,-4.66586316572351458e-04,1.86682014411193023e-03,4.00590176647005747e-02,-1.73041757724838236e-06,-8.94060262487126316e-08,1.41707532009070516e-06,-8.84243381973923424e-07,-4.56864794130921584e-08,7.24125488566350373e-07,-3.90625000000000024e-12
197,-8.47144106314529858e-04,4.08234675024989079e-04,-1.41138714818261568e-01,-1.80220060035358452e-06,-4.43394906811377064e-06,-7.17928132956878956e-07,-9.20924506780681684e-07,-2.26574797380613695e-06,-3.66861275940965153e-07,-3.90625000000000024e-12
198,-1.24365700449886527e-03,-6.82487891088894905e-04,-1.18656105292440708e-01,1.41480671692188207e-06,2.73031575899048658e-06,1.94617364492087283e-06,7.22966232347081714e-07,1.39519135284413860e-06,9.94494732554565937e-07,-3.90625000000000024e-12
199,-4.96928882155154043e-04,-6.51616633511532231e-04,-4.72423881612971455e-02,-5.43774095108685354e-06,-2.41496132698317260e-06,-3.28323488779328616e-07,-2.77868562600538239e-06,-1.23404523808840118e-06,-1.67773302766236923e-07,-3.90625000000000024e-12
200,-8.73311791901016212e-04,1.11650236076219172e-03,-9.97088959904007949e-02,-1.76763825182167911e-06,9.41004263720239290e-07,7.61371580075622633e-07,-9.03263146680878045e-07,4.80853178761042277e-07,3.89060877418643198e-07,-3.90625000000000024e-12
201,-5.33090859831635532e-04,-9.11833767732881848e-04,-5.94438896814672435e-02,1.60861909557316630e-06,2.68383645052677859e-06,-1.11902952474520005e-06,8.22004357837888013e-07,1.37144042621918398e-06,-5.71824087144797209e-07,-3.90625000000000024e-12
202,-1.29667780207219857e-03,2.10415894901860639e-03,-2.73435640717105098e-02,3.35497329748139050e-06,-2.74695748739265204e-06,-2.08217260739153547e-06,1.71439135501299066e-06,-1.40369527605764527e-06,-1.06399020237707464e-06,-3.90625000000000024e-12
203,8.19695224134497696e-04,-3.64803763305310692e-04,-1.30144491683602148e-01,-2.14695956726158021e-06,-1.73517102999603871e-06,1.27121846738751288e-06,-1.09709633887066760e-06,-8.86672396327975757e-07,6.49592636835019123e-07,-3.90625000000000024e-12
204,-5.14800392384129899e-04,-6.81533268336290588e-04,-1.22859182528417710e-01,3.23939957626480114e-06,-2.86339376436873993e-06,1.43522866887294247e-06,1.65533318347131332e-06,-1.46319421359242617e-06,7.33401849794073668e-07,-3.90625000000000024e-12
205,1.08228815663621004e-04,1.61464295953670520e-03,1.94521427853327385e-02,2.35846412833277791e-06,5.84943999029556629e-07,-3.86815082620191296e-06,1.20517516957804953e-06,2.98906383504103429e-07,-1.97662507218917777e-06,-3.90625000000000024e-12
206,1.04303513438219623e-03,1.30013093096391277e-03,-1.92406586239426691e-01,9.22430507470063444e-07,1.80731265694467997e-06,-3.39319641291464913e-06,4.71361989317202426e-07,9.23536767698731449e-07,-1.73392336699938568e-06,-3.90625000000000024e-12
207,1.90970518705457261e-03,-1.30588124748212838e-03,1.84583973355833236e-01,-8.80565843340534096e-07,2.14560041445896762e-06,7.70046775840575053e-07,-4.49969145947012925e-07,1.09640181178853251e-06,3.93493902454533846e-07,-3.90625000000000024e-12
208,2.28010322008730451e-04,6.16920058428994684e-04,2.22486605791666459e-01,2.32133449629194462e-06,2.60640128561026272e-06,-2.30708900691864751e-06,1.18620192760518373e-06,1.33187105694684429e-06,-1.17892248253542888e-06,-3.90625000000000024e-12
209,1.06957618691292462e-03,-1.58546878842154380e-03,-1.78078244973007199e-01,-2.18946178834831418e-06,1.88038969763237048e-06,-5.05458188810604514e-07,-1.11881497384598854e-06,9.60879135490141330e-07,-2.58289134482218928e-07,-3.90625000000000024e-12
210,-1.17941387761755678e-03,1.02434710209409782e-03,3.34735551180607716e-02,1.79806356298091174e-06,1.21456047165213665e-06,-1.48259704873751464e-06,9.18810480683245893e-07,6.20640401014241856e-07,-7.57607091904870000e-07,-3.90625000000000024e-12
211,9.17290205429256364e-04,4.43993663826463853e-04,1.22743236125876773e-01,1.90848740910477965e-06,9.43509187248279887e-07,-1.16750106009463314e-06,9.75237066052542500e-07,4.82133194683871038e-07,-5.96593041708357551e-07,-3.90625000000000024e-12
212,-1.02520186050957494e-03,-1.82963771994781280e-03,-6.67516492128638200e-02,-9.59027026457088456e-07,-1.09339024380683198e-06,5.66526206311015126e-07,-4.90062810519572192e-07,-5.58722414585291122e-07,2.89494891424928730e-07,-3.90625000000000024e-12
213,8.13572950478668789e-04,-1.01011515952228233e-03,-2.34035474469968530e-01,1.81236471731961054e-06,9.92570084769167684e-07,-4.09997523416410509e-07,9.26118370550320959e-07,5.07203313317044686e-07,-2.09508734465785762e-07,-3.90625000000000024e-12
214,-5.44837354435993306e-04,6.83446693765900402e-04,4.14405677387719926e-02,-2.77079175626465922e-06,8.05303439273185621e-08,-3.15997496913082770e-07,-1.41587458745124082e-06,4.11510057468597875e-08,-1.61474720922585294e-07,-3.90625000000000024e-12
215,-3.44404146614332523e-04,-5.15337101462452199e-04,-2.11329562757780809e-01,-1.41609706933454005e-06,-1.87559968160131684e-06,2.87461979007785035e-06,-7.23625602429949963e-07,-9.58431437298272923e-07,1.46893071272978162e-06,-3.90625000000000024e-12
216,-4.60671039028405800e-05,1.86497715638786238e-03,-5.29280130359923440e-02,2.75608594344931340e-06,-2.90118887175287489e-06,1.70014428202464416e-06,1.40835991710259910e-06,-1.48250751346571908e-06,8.68773728114593222e-07,-3.90625000000000024e-12
217,1.59303444500085269e-03,-1.28156433414458072e-03,-4.64719463252707132e-02,5.50855838449040740e-07,3.27168980942621018e-06,-1.81801525021568429e-06,2.81487333447459847e-07,1.67183349261679348e-06,-9.29005792860214647e-07,-3.90625000000000024e-12
218,-5.41063261539957599e-04,-9.22637022433725500e-05,-1.87474931287024943e-01,1.66109980586487855e-06,-1.33449382332862785e-06,-7.15618146884953603e-07,8.48822000796952973e-07,-6.81926343720928841e-07,-3.65680873058211300e-07,-3.90625000000000024e-12
219,1.09871640892270496e-03,-4.23907070656864100e-04,-2.27007928911318047e-01,1.31657610831168591e-07,1.55257512804997299e-06,-4.29028929431388365e-08,6.72770391347271515e-08,7.93365890433536168e-07,-2.19233782939439464e-08,-3.90625000000000024e-12
220,5.26268744677520152e-04,2.01620216151108152e-05,-1.39733429448417351e-01,-3.31182192588348037e-06,1.30475529105327150e-06,-3.31923556712081970e-07,-1.69234100412645859e-06,6.66729953728221783e-07,-1.69612937479873898e-07,-3.90625000000000024e-12
221,-2.38339777827763390e-04,6.92877778328593471e-04,5.85931955584153563e-02,-7.72306749830275483e-07,-3.66898904570124112e-06,-1.17167372843399547e-06,-3.94648749163270754e-07,-1.87485340235333428e-06,-5.98725275229771744e-07,-3.90625000000000024e-12
222,2.40934284201725515e-04,-7.56888319014877389e-04,2.04991578507533780e-02,1.91650827272603570e-06,2.09651370053441331e-06,5.77505578816025494e-07,9.79335727363004219e-07,1.07131850097308521e-06,2.95105350774989056e-07,-3.90625000000000024e-12
223,1.21555144365890068e-03,2.11830242681221043e-03,5.85970328713905642e-02,-2.04993567658443567e-06,1.16886962773482796e-06,-1.99111971201239825e-06,-1.04751713073464673e-06,5.97292379772497089e-07,-1.01746217283833561e-06,-3.90625000000000024e-12
224,7.83293816175563017e-04,9.46511208186123754e-04,-2.71683275679023978e-02,1.20390177608309299e-06,-1.36865354126060075e-06,-3.29240426578355983e-06,6.15193807578460542e-07,-6.99381959584166985e-07,-1.68241857981539916e-06,-3.90625000000000024e-12
225,-1.76370591062972848e-03,-5.88789992464973963e-04,-2.32488693298608801e-02,5.22070993180161967e-07,7.27937375023371729e-08,7.32391288004607061e-08,2.66778277515062796e-07,3.71975998636942983e-08,3.74251948170354226e-08,-3.90625000000000024e-12
226,1.64156143001050175e-04,-9.73851854631070202e-05,-8.70336763692692722e-02,-2.06044777550064516e-06,-2.35213553493151457e-06,1.84478219337627193e-06,-1.05288881328082963e-06,-1.20194125835000400e-06,9.42683700815274978e-07,-3.90625000000000024e-12
227,-7.27191044833542556e-04,-4.56821060748757474e-04,-1.13102412463939553e-01,-4.19449029895865070e-07,2.84669960827541748e-06,2.85263859295204283e-06,-2.14338454276787050e-07,1.45466349982873838e-06,1.45769832099849396e-06,-3.90625000000000024e-12
228,-1.12038435834535609e-03,-2.03575211824177840e-03,-7.08280156073400613e-02,-2.41658733506622292e-06,-1.03496020715570626e-06,-5.98043146569169182e-06,-1.23487612821883990e-06,-5.28864665856565953e-07,-3.05600047896845457e-06,-3.90625000000000024e-12
229,-2.72500543653454350e-04,-1.05430241838621219e-03,-6.89920975407373183e-02,-4.96317621865294646e-07,-1.63701981394049429e-06,8.44843156301411036e-08,-2.53618304773165592e-07,-8.36517124923592575e-07,4.31714852870021081e-08,-3.90625000000000024e-12
230,-3.51370179713742957e-04,-1.54567536581725414e-03,-1.10883048447229959e-01,-1.02928307767915012e-06,-1.40597589006745767e-06,-1.95202596059362086e-06,-5.25963652694045766e-07,-7.18453679824470831e-07,-9.97485265863340234e-07,-3.90625000000000024e-12
231,-1.38177140321711807e-03,-1.60692003768238047e-05,-1.58736988214326358e-01,-1.86349667442958063e-06,2.00089610445199672e-06,8.92302150778247711e-07,-9.52246800633515747e-07,1.02245790937497031e-06,4.55966399047684606e-07,-3.90625000000000024e-12
232,-4.39182957433159702e-04,-2.48526018466606541e-03,1.28401601248421954e-01,3.82967583739985827e-06,1.20291731016629000e-06,-1.09586763242466957e-06,1.95696435291132776e-06,6.14690745494974194e-07,-5.59988360169006109e-07,-3.90625000000000024e-12
233,1.05681135461595940e-04,-1.23178840714157039e-03,-4.63950433918704358e-02,-1.25535528522006211e-06,2.82068674885813559e-06,-3.98063741508952751e-06,-6.41486550747451771e-07,1.44137092866650722e-06,-2.03410571911074853e-06,-3.90625000000000024e-12
234,1.50619853521762048e-03,-2.67065349080797341e-04,-1.82645883866112441e-01,-1.17122667479900154e-07,-6.35777402909091549e-07,-4.36889491952872527e-06,-5.98496830822289773e-08,-3.24882252886545815e-07,-2.23250530387917878e-06,-3.90625000000000024e-12
235,-3.63231328666504161e-04,-7.95396786979655026e-04,2.23600551058769914e-02,1.82748541180518633e-06,-2.39730539974380367e-07,-7.06896778536150278e-07,9.33845045432450223e-07,-1.22502305926908381e-07,-3.61224253831972778e-07,-3.90625000000000024e-12
236,-9.18453275798620660e-05,-1.84031972351591361e-03,2.54266306727687387e-03,-1.94781511095859754e-06,-3.73441657254897906e-07,-5.31730485979066613e-07,-9.95333521699843364e-07,-1.90828686857252843e-07,-2.71714278335303071e-07,-3.90625000000000024e-12
237,7.78351639954446358e-04,1.23290792423391585e-03,1.95718942350216578e-02,1.69751141372430767e-06,-9.12282933781229776e-07,4.46318214993449613e-06,8.67428332413121278e-07,-4.66176579162208438e-07,2.28068607861652747e-06,-3.90625000000000024e-12
238,1.72844216946183037e-03,1.33012941466531683e-03,6.67401106087554402e-02,-1.41665251316890952e-06,4.43430406923453369e-08,-1.47815319042523713e-06,-7.23909434229312770e-07,2.26592937937884681e-08,-7.55336280307296239e-07,-3.90625000000000024e-12
239,1.45224887267687017e-03,-2.60091017192553339e-03,1.16937857854197857e-01,1.42877628459974711e-06,-1.03451976184912301e-06,2.59855882588503171e-06,7.30104681430470766e-07,-5.28639598304901869e-07,1.32786356002725114e-06,-3.90625000000000024e-12
240,1.37355533563970618e-03,-1.72281315197135901e-04,7.52394982231979204e-02,1.79250251778629657e-06,6.44294853811081570e-07,-3.40918094031605574e-06,9.15968786588797542e-07,3.29234670297462715e-07,-1.74209146050150444e-06,-3.90625000000000024e-12
241,-7.20693052285861519e-04,-2.34433909320259888e-04,-2.44249435273722684e-02,-2.10194703643595239e-07,-3.51962361144185731e-07,1.01773894459307409e-06,-1.07409493561877169e-07,-1.79852766544678913e-07,5.20064600687060846e-07,-3.90625000000000024e-12
242,-1.11504824569094892e-03,-2.88635778775371099e-04,-1.83925068951896753e-01,-2.93692853459119147e-06,1.04004058944604115e-06,1.12461690927836195e-06,-1.50077048117609885e-06,5.31460741206927089e-07,5.74679240641242962e-07,-3.90625000000000024e-12
243,-2.14024141257686452e-04,1.62166605036684884e-03,1.81935268146127260e-01,-3.59435470437753059e-07,3.43521870259778972e-07,-1.18081619459813196e-06,-1.83671525393691811e-07,1.75539675702747060e-07,-6.03397075439645457e-07,-3.90625000000000024e-12
244,-9.18307552526529726e-05,1.67108465304062091e-03,3.41617615374479530e-02,1.61653417261218647e-06,-2.53683687109437771e-06,-1.54970559919634948e-06,8.26048962204827345e-07,-1.29632364112922703e-06,-7.91899561189334614e-07,-3.90625000000000024e-12
245,-1.34010011945112639e-03,-6.85717245749258692e-04,-1.18725779527120295e-02,4.75078863797801608e-06,-3.54545666752129374e-07,-3.03744691433795022e-07,2.42765299400676612e-06,-1.81172835710338122e-07,-1.55213537322669251e-07,-3.90625000000000024e-12
246,-7.98208818297621434e-05,5.92105585593711973e-04,-7.61206814289771133e-02,-2.01946497166624349e-06,-7.06511431747974768e-07,3.14949571020330462e-07,-1.03194660052145050e-06,-3.61027341623215119e-07,1.60939230791388861e-07,-3.90625000000000024e-12
247,-4.64991294148928299e-04,9.86965397371797597e-04,8.94485277341507991e-03,-2.48072157537750336e-06,-3.00000780164734990e-06,-9.81756883327289766e-07,-1.26764872501790414e-06,-1.53300398664179584e-06,-5.01677767380245083e-07,-3.90625000000000024e-12
248,3.71580571368709768e-04,-9.44910230912875902e-05,6.71855579850419576e-02,2.94974399065511647e-06,-7.29239429252411402e-07,4.92648202323989654e-06,1.50731917922476460e-06,-3.72641348347982257e-07,2.51743231387558731e-06,-3.90625000000000024e-12
249,7.29952571288070310e-04,-7.94715579978710115e-04,1.12095487590270687e-01,2.25306039359300213e-06,1.15164778406694337e-06,-1.01010341885222715e-06,1.15131386112602419e-06,5.88492017658208030e-07,-5.16162847033488124e-07,-3.90625000000000024e-12
250,-6.58357249436258255e-04,3.39086565306675276e-04,-3.07769290785839117e-02,9.21825731881981807e-07,5.69966939556337419e-06,-2.67205433563136677e-06,4.71052948991692701e-07,2.91253106113288420e-06,-1.36541976550762843e-06,-3.90625000000000024e-12
251,6.57490611979179079e-04,2.77095071868051050e-04,5.70474615575584446e-02,6.95079973776223966e-07,3.23547622487492185e-06,1.86585244670397657e-06,3.55185866599650442e-07,1.65332835091108520e-06,9.53450600265732034e-07,-3.90625000000000024e-12
252,1.38873732390607657e-04,-1.14601876558222677e-04,2.02044627005408158e-02,1.94030117196353644e-07,-9.06160240536035251e-07,1.76921469732017463e-06,9.91493898873367120e-08,-4.63047882913914034e-07,9.04068710330609295e-07,-3.90625000000000024e-12
253,-1.40384607158933651e-05,-8.30592078200512694e-04,-1.55612736328730655e-01,-3.46852365429380900e-06,3.45275715015459621e-06,-1.71437105215865168e-06,-1.77241558734413643e-06,1.76435890372899880e-06,-8.76043607653071041e-07,-3.90625000000000024e-12
254,5.27243704967664695e-04,1.27865816338762635e-03,-9.67189085875800880e-02,-3.98410345083649599e-06,-7.09709138186918112e-07,-4.27596301817211901e-07,-2.03587686337744963e-06,-3.62661369613515158e-07,-2.18501710228595280e-07,-3.90625000000000024e-12
255,5.01459190621436710e-04,-6.12454172900697572e-04,1.78114166011330149e-02,-8.39517194427617676e-07,-3.35406152530389327e-06,-1.63898102040704028e-06,-4.28993286352512654e-07,-1.71392543943028942e-06,-8.37519301427997546e-07,-3.90625000000000024e-12
