time_s,mean_x_m,mean_y_m,mean_z_m,rms_x_m,rms_y_m,rms_z_m,mean_px_beta_gamma,mean_py_beta_gamma,mean_pz_beta_gamma,rms_px_beta_gamma,rms_py_beta_gamma,rms_pz_beta_gamma,mean_kinetic_energy_MeV
0.00000000000000000e+00,8.08082399225483434e-05,-9.71844299679541952e-07,-8.44688132783381028e-03,9.65699984328934101e-04,1.01530798094411610e-03,9.68520722711009030e-02,7.97311782989391938e-08,1.62262713660007563e-07,-1.59911392545013239e-07,1.97670288712025883e-06,1.98496392346010125e-06,1.91647708729278645e-06,2.95830151087611571e-12
9.99999999999999907e-11,8.08156157421747003e-05,-9.53781032627331970e-07,-7.56859800152529481e-03,9.77068263162670682e-04,1.02672843081060786e-03,9.68530747117488655e-02,2.47300733901834453e-07,2.48587084542706576e-06,5.86453087476913881e-02,2.20055076269535469e-03,1.91711901152646826e-03,1.30819697490677984e-03,8.80587168075230766e-04
1.99999999999999981e-10,8.08358164159770265e-05,-7.25927510221345971e-07,-4.94247362738075170e-03,1.01291047286080900e-03,1.06237653254050548e-03,9.68560788089567054e-02,2.67785076498418953e-06,1.31646114345543965e-05,1.17303891713792074e-01,3.13417621339301964e-03,2.92738611451067972e-03,2.28322440563992913e-03,3.50969150135759227e-03
2.99999999999999998e-10,8.11016963380080695e-05,-2.40124608303186069e-07,-5.94787542358938843e-04,1.07447126775682693e-03,1.12333445545028093e-03,9.68610211768154705e-02,1.66020316030591127e-05,1.77915501507099744e-05,1.75963642393763664e-01,3.89320870331284633e-03,3.73061514073593989e-03,3.00290877105706617e-03,7.86030526857106615e-03
3.99999999999999963e-10,8.18058694418440752e-05,2.33723526740557925e-07,5.43155709118447756e-03,1.16127486567846718e-03,1.20908739648689688e-03,9.68677726051332261e-02,3.01575243734007828e-05,1.34867896399584411e-05,2.34617205678517515e-01,4.56689320320819402e-03,4.42904041732863907e-03,3.52805107602694509e-03,1.38886654967150403e-02
4.99999999999999928e-10,8.27760654182905576e-05,5.41772185402111791e-07,1.30794933408252389e-02,1.27118678074288928e-03,1.31774255565408806e-03,9.68761203222158612e-02,3.57395039230317389e-05,8.06941809110463807e-06,2.93268678792701021e-01,5.17721966128857191e-03,5.06937665003689714e-03,3.93664235523925616e-03,2.15378268986808410e-02
5.99999999999999996e-10,8.38002464860581307e-05,7.02815481751159837e-07,2.22802235231123434e-02,1.40114065489344215e-03,1.44672372321032021e-03,9.68857898008134710e-02,3.47799960770726644e-05,3.52712817951051895e-06,3.51911512795686443e-01,5.73254733612368807e-03,5.65524077809032022e-03,4.27033307322534968e-03,3.07377891104458276e-02
6.99999999999999961e-10,8.46734586654017006e-05,7.97608999933388514e-07,3.29560136390716490e-02,1.54783995382973814e-03,1.59289172401078918e-03,9.68964374891904540e-02,2.64632950234000823e-05,4.47090696532543133e-06,4.10550826978578864e-01,6.23824063778290194e-03,6.18633778882999620e-03,4.54595324589690802e-03,4.14112815313120650e-02
7.99999999999999926e-10,8.52228419054521376e-05,9.99419855324053248e-07,4.50232257219913973e-02,1.70815762962530900e-03,1.75312194063130121e-03,9.69076768650960485e-02,1.28636187042764089e-05,1.07813385250764730e-05,4.69193440649948446e-01,6.69812351831557302e-03,6.66853867617453726e-03,4.76403314625266448e-03,5.34758607373996275e-02
8.99999999999999891e-10,8.53561210667273904e-05,1.39103634233310758e-06,5.83947971905964189e-02,1.87924920743085476e-03,1.92454894717668072e-03,9.69191837009920759e-02,-3.10860338281938067e-06,1.84120910165892638e-05,5.27838255294725722e-01,7.11452175954200260e-03,7.10513765546748940e-03,4.93853771207534552e-03,6.68443818841848170e-02
9.99999999999999855e-10,8.50707105129123369e-05,1.96454914763045517e-06,7.29824696643548709e-02,2.05860607786367876e-03,2.10462427377357394e-03,9.69307311321358361e-02,-1.84674797445269731e-05,2.52324231063508095e-05,5.86483618076718338e-01,7.48914562945065219e-03,7.49875813584354421e-03,5.08104229218310065e-03,8.14283091833291339e-02
1.09999999999999992e-09,8.44263403472711666e-05,2.68469579232131462e-06,8.86987765434702480e-02,2.24405617867361185e-03,2.29111506130840175e-03,9.69421475601831145e-02,-3.16782637069096929e-05,3.10857197300984817e-05,6.45129797627187473e-01,7.82453309800261454e-03,7.85153203168209406e-03,5.19650028610461456e-03,9.71403110875909553e-02
1.19999999999999999e-09,8.35014256507298988e-05,3.52345294263358572e-06,1.05458613939526630e-01,2.43374133908785513e-03,2.48209817692598284e-03,9.69532887766822032e-02,-4.24018848104929972e-05,3.63992687294072655e-05,7.03777462374879370e-01,8.12432429762192411e-03,8.16671231946183851e-03,5.28843772011769724e-03,1.13895559275876551e-01
1.29999999999999985e-09,8.23717053679355843e-05,4.46358615972624034e-06,1.23180388773653948e-01,2.62609938201088322e-03,2.67595764905677411e-03,9.69640383752329721e-02,-5.06858835678426366e-05,4.13605911408707207e-05,7.62426689804814761e-01,8.39240773776386492e-03,8.44847850927201056e-03,5.36085224710522272e-03,1.31612597094855344e-01
1.39999999999999992e-09,8.11067345318835923e-05,5.49016899207058467e-06,1.41786803156009611e-01,2.81983253016635654e-03,2.87136040278746950e-03,9.69743114823287539e-02,-5.65804461700649953e-05,4.58948848010259491e-05,8.21077183617772821e-01,8.63244336106858655e-03,8.70093437767375556e-03,5.41793808453630132e-03,1.50214144923824566e-01
1.49999999999999978e-09,7.97701684644022219e-05,6.58477876467954794e-06,1.61205344296368264e-01,3.01387585139562203e-03,3.06721741375538337e-03,9.69840552271424294e-02,-6.00958408871667279e-05,4.98133932511503314e-05,8.79728795059717572e-01,8.84784586363257346e-03,8.92766138853198603e-03,5.46398647337109286e-03,1.69627737762458597e-01
1.59999999999999985e-09,7.84190915974703541e-05,7.72501858610042510e-06,1.81368535244197077e-01,3.20737035174150373e-03,3.26265017644570545e-03,9.69932501480280790e-02,-6.14460044298655939e-05,5.28934592231288940e-05,9.38381872233688519e-01,9.04176492487475218e-03,9.13166443566059555e-03,5.50343313006875379e-03,1.89786102725061301e-01
1.69999999999999992e-09,7.70947440678132132e-05,8.88751297530082564e-06,2.02213991462302012e-01,3.39963038811818196e-03,3.45695434837780093e-03,9.70019080377566567e-02,-6.13378314608042994e-05,5.49764011733942787e-05,9.97037053468961432e-01,9.21688501554589028e-03,9.31549236714163467e-03,5.54004228676550914e-03,2.10627164930861394e-01
1.79999999999999978e-09,7.58170442583882642e-05,1.00500495704375208e-05,2.23684331849172496e-01,3.59011359598735607e-03,3.64957072889218834e-03,9.70100584365429369e-02,-6.07912647046594584e-05,5.60737651080820302e-05,1.05569452554675047e+00,9.37518381842328448e-03,9.48135159475173295e-03,5.57551251301131520e-03,2.32093693439605758e-01
1.89999999999999964e-09,7.45860880717303765e-05,1.11938866523126728e-05,2.45726981733790178e-01,3.77839884224191128e-03,3.84005917837246811e-03,9.70177337721030986e-02,-6.04995951528644279e-05,5.63615149193153752e-05,1.11435383817803801e+00,9.51815835545378845e-03,9.63119992366245903e-03,5.60962205192157715e-03,2.54133018001390820e-01
1.99999999999999971e-09,7.33926718221393471e-05,1.23048031414228547e-05,2.68293915578129816e-01,3.96416084541435180e-03,4.02807889887148336e-03,9.70249604020159695e-02,-6.06355221327308820e-05,5.60654045209602530e-05,1.17301436652839963e+00,9.64726850803229383e-03,9.76679813436807064e-03,5.64161025864345043e-03,2.76696930415049946e-01
2.09999999999999978e-09,7.22271247495656426e-05,1.33740437695946561e-05,2.91341366004018942e-01,4.14715319299683791e-03,4.21337049739931892e-03,9.70317596414438654e-02,-6.11012730310872104e-05,5.53680948542638774e-05,1.23167566570643472e+00,9.76401545121612091e-03,9.88973241300251417e-03,5.67104889852011480e-03,2.99741530637062048e-01
2.19999999999999985e-09,7.10828050694341674e-05,1.43965110602021690e-05,3.14829515378553582e-01,4.32719600911956118e-03,4.39574297672932091e-03,9.70381509670310283e-02,-6.17540267288623607e-05,5.44011545260134887e-05,1.29033748607205911e+00,9.86982182619875956e-03,1.00014177743612907e-02,5.69789405835613178e-03,3.23226931969316122e-01
2.29999999999999992e-09,6.99567412991383854e-05,1.53707164961298389e-05,3.38722181470461126e-01,4.50416448396753939e-03,4.57506132799852423e-03,9.70441542595688877e-02,-6.24864275637270562e-05,5.32601908627545104e-05,1.34899969434863665e+00,9.96596069049680497e-03,1.01031051825157658e-02,5.72232279772220097e-03,3.47116921818415469e-01
2.39999999999999998e-09,6.88489887210384750e-05,1.62967913892807927e-05,3.62986509080948871e-01,4.67797608518389935e-03,4.75123601459221008e-03,9.70497899590261059e-02,-6.32381836432338866e-05,5.20130379654226536e-05,1.40766221621510934e+00,1.00535522577731261e-02,1.01958984581648465e-02,5.74459411932031882e-03,3.71378632975819634e-01
2.49999999999999964e-09,6.77592307347308682e-05,1.71755201286312431e-05,3.87592673140131794e-01,4.84858313190044115e-03,4.92421474902360930e-03,9.70550784210921363e-02,-6.39752756626636992e-05,5.07125594821336074e-05,1.46632500640166641e+00,1.01335709754411495e-02,1.02807633787908217e-02,5.76496905326184458e-03,3.95982236558260925e-01
2.59999999999999971e-09,6.66878471734360783e-05,1.80092241447222665e-05,4.12513599028767886e-01,5.01596848565000371e-03,5.09397447866327506e-03,9.70600397402347076e-02,-6.46819732885395792e-05,4.93922446235544899e-05,1.52498803075430134e+00,1.02068543033127530e-02,1.03585474527879123e-02,5.78368738075422158e-03,4.20900655923195643e-01
2.69999999999999978e-09,6.56346077682184992e-05,1.88001128424133373e-05,4.37724702625808926e-01,5.18013759476097704e-03,5.26051600991713809e-03,9.70646940159224231e-02,-6.53512311035317023e-05,4.80777592502907788e-05,1.58365126431050984e+00,1.02741305126501925e-02,1.04299930658150828e-02,5.80095773170851998e-03,4.46109306322880206e-01
2.79999999999999984e-09,6.45987075581399477e-05,1.95498324119926730e-05,4.63203650565139124e-01,5.34111362142983097e-03,5.42385818591894532e-03,9.70690609850861086e-02,-6.59794594898293366e-05,4.67890990409152552e-05,1.64231468725204111e+00,1.03360343215589557e-02,1.04957524114447122e-02,5.81696199063128257e-03,4.71585853938045196e-01
2.89999999999999991e-09,6.35797483094920307e-05,2.02609261963417211e-05,4.88930139652601403e-01,5.49893365350379807e-03,5.58403407815953080e-03,9.70731592150680805e-02,-6.65656111409820427e-05,4.55366751884894410e-05,1.70097828442146271e+00,1.03931219968323441e-02,1.05564036900653024e-02,5.83185507196935359e-03,4.97309996799269904e-01
2.99999999999999957e-09,6.25774493026359975e-05,2.09352908211386404e-05,5.14885698603559039e-01,5.65364591759045122e-03,5.74108858612458039e-03,9.70770065213711481e-02,-6.71097519228358146e-05,4.43296177053597714e-05,1.75964204303957916e+00,1.04458801904513798e-02,1.06124576858671275e-02,5.84576581081467078e-03,5.23263264684883822e-01
3.09999999999999963e-09,6.15919319999451697e-05,2.15752314997031717e-05,5.41053508015648332e-01,5.80530700495415775e-03,5.89507542999602972e-03,9.70806196770719193e-02,-6.76149206871550618e-05,4.31722143112003569e-05,1.81830595242368953e+00,1.04947374844679090e-02,1.06643672619738221e-02,5.85880394526008905e-03,5.49428838709223100e-01
3.19999999999999970e-09,6.06233968735490311e-05,2.21832976833701085e-05,5.67418237322485530e-01,5.95397936865615842e-03,6.04605568738363942e-03,9.70840142990302274e-02,-6.80846106777070048e-05,4.20660072027609640e-05,1.87697000373957668e+00,1.05400732647803717e-02,1.07125302362032198e-02,5.87106128883731811e-03,5.75791388486429634e-01
3.29999999999999977e-09,5.96715809717709002e-05,2.27612949206348879e-05,5.93965898464141606e-01,6.09973033683803255e-03,6.19409464838681801e-03,9.70872054924499517e-02,-6.85213765293977387e-05,4.10133472163847352e-05,1.93563418936167175e+00,1.05822213187217757e-02,1.07573007334584320e-02,5.88261943617374942e-03,6.02336925364559850e-01
3.39999999999999984e-09,5.87365580707151160e-05,2.33112917854483498e-05,6.20683713576423823e-01,6.24263076888547860e-03,6.33926151155624583e-03,9.70902073728313469e-02,-6.89299145943419420e-05,4.00133298132914893e-05,1.99429850286017030e+00,1.06214755284916237e-02,1.07989895400837088e-02,5.89354668266230900e-03,6.29052670768494249e-01
3.49999999999999949e-09,5.78182258146706812e-05,2.38355080566571573e-05,6.47559996085947942e-01,6.38275312624199485e-03,6.48162743062271132e-03,9.70930334383735272e-02,-6.93138637507056900e-05,3.90628851149049937e-05,2.05296293698598786e+00,1.06580979627012018e-02,1.08378733450923675e-02,5.90390299942604013e-03,6.55926937157952361e-01
3.59999999999999956e-09,5.69162413067337994e-05,2.43362744395591912e-05,6.74584045390275500e-01,6.52017065886135918e-03,6.62126524606152130e-03,9.70956958348959259e-02,-6.96759564045150730e-05,3.81577892588606538e-05,2.11162748418967716e+00,1.06923212150811364e-02,1.08741968514971254e-02,5.91374051197887315e-03,6.82949022297882014e-01
3.69999999999999963e-09,5.60301616967562218e-05,2.48151010023040296e-05,7.01746051828428641e-01,6.65495679862730845e-03,6.75824750227553995e-03,9.70982055887424783e-02,-7.00182956550725333e-05,3.72973654933074456e-05,2.17029213907661855e+00,1.07243528220761896e-02,1.09081833535564030e-02,5.92310468757856461e-03,7.10109115453584128e-01
3.79999999999999929e-09,5.51597903053952957e-05,2.52732477519666914e-05,7.29037010986489653e-01,6.78718487410423944e-03,6.89264682848741202e-03,9.71005730301386927e-02,-7.03437092493294200e-05,3.64799599432586862e-05,2.22895689640124095e+00,1.07543774559189717e-02,1.09400300099202381e-02,5.93203533050294836e-03,7.37398211360071332e-01
3.89999999999999935e-09,5.43046460428365781e-05,2.57119679885479990e-05,7.56448647735515234e-01,6.91692761449591402e-03,7.02453524382481639e-03,9.71028076165125903e-02,-7.06532200734687692e-05,3.57034283110706317e-05,2.28762175051175554e+00,1.07825616718824069e-02,1.09699153744550488e-02,5.94056699106092819e-03,7.64808033710604240e-01
3.99999999999999942e-09,5.34640537509046350e-05,2.61321356519791276e-05,7.83973347880237648e-01,7.04425636920546529e-03,7.15398363101138121e-03,9.71049181699746716e-02,-7.09468996225688441e-05,3.49673797165662336e-05,2.34628669654131539e+00,1.08090555763145340e-02,1.09980003625323904e-02,5.94873051398444458e-03,7.92330967333884084e-01
4.09999999999999949e-09,5.26375557931091113e-05,2.65348782314344112e-05,8.11604097504772803e-01,7.16924091024361086e-03,7.28106180114153345e-03,9.71069130366331440e-02,-7.12252669882617364e-05,3.42690180392676911e-05,2.40495173041081678e+00,1.08339966888684556e-02,1.10244302716711578e-02,5.95655460871837451e-03,8.19959996882365094e-01
4.19999999999999956e-09,5.18247778206819921e-05,2.69212488910240882e-05,8.39334426940793965e-01,7.29194949035909951e-03,7.40583804585370417e-03,9.71088000360734865e-02,-7.14894231070683627e-05,3.36063398037043563e-05,2.46361684817247850e+00,1.08575078455586619e-02,1.10493364651697273e-02,5.96406486995105286e-03,8.47688651484608480e-01
4.29999999999999963e-09,5.10253156317247566e-05,2.72924624049925740e-05,8.67158361445814929e-01,7.41244903065066234e-03,7.52837909392066029e-03,9.71105864390554019e-02,-7.17400359905888874e-05,3.29759793387919217e-05,2.52228204570503811e+00,1.08796993121558390e-02,1.10728368885428929e-02,5.97128427576569792e-03,8.75510955175807903e-01
4.39999999999999970e-09,5.02388033656092821e-05,2.76495802118397339e-05,8.95070377008853502e-01,7.53080466678431298e-03,7.64875004311881164e-03,9.71122789490227317e-02,-7.19780828279713910e-05,3.23763623206858403e-05,2.58094731920395315e+00,1.09006717837192742e-02,1.10950385433610729e-02,5.97823343176425142e-03,9.03421382713759158e-01
4.49999999999999976e-09,4.94650651574584708e-05,2.79935404463806728e-05,9.23065360488932618e-01,7.64707965287129456e-03,7.76701448920376694e-03,9.71138836259540783e-02,-7.22049394086574461e-05,3.18055541096691911e-05,2.63961266531382410e+00,1.09205147150583017e-02,1.11160369060761717e-02,5.98493041402254570e-03,9.31414819674063921e-01
4.59999999999999983e-09,4.87040912235839167e-05,2.83250460305644485e-05,9.51138573469491821e-01,7.76133549802269802e-03,7.88323413911119764e-03,9.71154061640870092e-02,-7.24224328365636612e-05,3.12624347094318626e-05,2.69827808028304617e+00,1.09393105298525375e-02,1.11359199521827382e-02,5.99139136251007100e-03,9.59486526079386559e-01
4.69999999999999990e-09,4.79556606995222302e-05,2.86447856829691362e-05,9.79285620012513514e-01,7.87363159654983977e-03,7.99746868206081818e-03,9.71168517233740730e-02,-7.26302794733695912e-05,3.07453055604107729e-05,2.75694356106684957e+00,1.09571348658041492e-02,1.11547676079556835e-02,5.99763090993158006e-03,9.87632104491991902e-01
4.79999999999999997e-09,4.72193735525525479e-05,2.89534917494062153e-05,1.00750241724987166e+00,7.98402536339720519e-03,8.10977584257038288e-03,9.71182252632749737e-02,-7.28284927968325576e-05,3.02524954529911010e-05,2.81560910525544106e+00,1.09740548074036166e-02,1.11726521175968749e-02,6.00366313360572740e-03,1.01584747071855030e+00
4.89999999999999921e-09,4.64949142323361494e-05,2.92518594404193733e-05,1.03578516847257807e+00,8.09257237696691528e-03,8.22021137184397732e-03,9.71195314154863210e-02,-7.30179161893398444e-05,2.97822691869522972e-05,2.87427470984222122e+00,1.09901317450050526e-02,1.11896405390012055e-02,6.00950042698110594e-03,1.04412882680029107e+00
4.99999999999999928e-09,4.57818737808481872e-05,2.95404425033317725e-05,1.06413033999408602e+00,8.19932631245674261e-03,8.32882944063606349e-03,9.71207741783159523e-02,-7.31991084097756650e-05,2.93332667699751950e-05,2.93294037209645442e+00,1.10054227368747929e-02,1.12057937651058540e-02,6.01515376023087529e-03,1.07247263753647393e+00
5.09999999999999935e-09,4.50797518368557863e-05,2.98197187035268578e-05,1.09253463923676830e+00,8.30433876253326361e-03,8.43568200804175640e-03,9.71219572645260071e-02,-7.33726465523500311e-05,2.89041907197435527e-05,2.99160608946046036e+00,1.10199800766557967e-02,1.12211677903316757e-02,6.02063350617872400e-03,1.10087560880896795e+00
5.19999999999999941e-09,4.43882106055746220e-05,3.00901006933335116e-05,1.12099499459169838e+00,8.40765969623154426e-03,8.54081917989379415e-03,9.71230844705235075e-02,-7.35392396471159284e-05,2.84934479287029789e-05,3.05027185949850344e+00,1.10338509896749943e-02,1.12358127968269963e-02,6.02594942308329676e-03,1.12933466795779824e+00
5.29999999999999948e-09,4.37069266234749496e-05,3.03520447798967436e-05,1.14950853825471988e+00,8.50933722192261793e-03,8.64428929573064081e-03,9.71241590509761832e-02,-7.36997564561746912e-05,2.80998214243854776e-05,3.10893767995413350e+00,1.10470789786303175e-02,1.12497746835787549e-02,6.03111055914052133e-03,1.15784694603667648e+00
5.39999999999999955e-09,4.30356481335143439e-05,3.06060780025897301e-05,1.17807258984373697e+00,8.60941772349345553e-03,8.74613947787522550e-03,9.71251841413762612e-02,-7.38548608952507726e-05,2.77224933243405183e-05,3.16760354860147686e+00,1.10597046639403177e-02,1.12630974590938390e-02,6.03612519559588914e-03,1.18640976160185030e+00
5.49999999999999962e-09,4.23741311948761277e-05,3.08526636537124246e-05,1.20668464186561319e+00,8.70794591707834895e-03,8.84641485687858581e-03,9.71261625605606277e-02,-7.40048442047895345e-05,2.73604838564302020e-05,3.22626946364118750e+00,1.10717652126114535e-02,1.12758214157718650e-02,6.04100095875137640e-03,1.21502060622294339e+00
5.59999999999999969e-09,4.17221156429812933e-05,3.10921264645511248e-05,1.23534234631838724e+00,8.80496486214768503e-03,8.94515880997691880e-03,9.71270970227589292e-02,-7.41499802358633835e-05,2.70131409190592894e-05,3.28493542333934219e+00,1.10832951752114443e-02,1.12879826346244626e-02,6.04574482991604434e-03,1.24367713094946430e+00
5.69999999999999976e-09,4.10793861863809808e-05,3.13247499394550592e-05,1.26404350239752539e+00,8.90051623161876825e-03,9.04241339331703087e-03,9.71279901127868606e-02,-7.42900861374958264e-05,2.66797670836460600e-05,3.34360142586992559e+00,1.10943265740948704e-02,1.12996151110439993e-02,6.05036344129612769e-03,1.27237713406540554e+00
5.79999999999999982e-09,4.04456751279750668e-05,3.15509008448836145e-05,1.29278604543045117e+00,8.99464042208096733e-03,9.13821929093627111e-03,9.71288440688009708e-02,-7.44253949573320641e-05,2.63600827074468669e-05,3.40226746959764537e+00,1.11048889216829004e-02,1.13107504157981768e-02,6.05486266648291513e-03,1.30111855012408895e+00
5.89999999999999906e-09,3.98207085846122519e-05,3.17708115989220698e-05,1.32156803691860270e+00,9.08737617839250507e-03,9.23261556552839625e-03,9.71296609866965505e-02,-7.45562379883831194e-05,2.60534550226317419e-05,3.46093355297683969e+00,1.11150095523909163e-02,1.13214171843614864e-02,6.05924805750711511e-03,1.32989943976069469e+00
5.99999999999999913e-09,3.92043729922585252e-05,3.19846729656615605e-05,1.35038765521699355e+00,9.17876107055921875e-03,9.32564011123075513e-03,9.71304428957445593e-02,-7.46826938972237659e-05,2.57588962451128365e-05,3.51959967434756882e+00,1.11247145517706213e-02,1.13316427107596936e-02,6.06352516491425429e-03,1.35871798032898128e+00
6.09999999999999920e-09,3.85964704023213106e-05,3.21928050854272045e-05,1.37924318700873028e+00,9.26883106321094337e-03,9.41732938019959262e-03,9.71311918056008000e-02,-7.48048317237315374e-05,2.54758309049779050e-05,3.57826583229370865e+00,1.11340274549970933e-02,1.13414520364821525e-02,6.06769896518281806e-03,1.38757245759327352e+00
6.19999999999999927e-09,3.79967316037422756e-05,3.23954223742990195e-05,1.40813301935450053e+00,9.35762088653730936e-03,9.50771858648972665e-03,9.71319094807729794e-02,-7.49230426143657316e-05,2.52033429816377562e-05,3.63693202532334592e+00,1.11429703093697922e-02,1.13508687404846962e-02,6.07177415765965730e-03,1.41646125780659338e+00
6.29999999999999934e-09,3.74049945495693643e-05,3.25928109993798575e-05,1.43705563257821201e+00,9.44516393931156203e-03,9.59684152199876718e-03,9.71325976197700697e-02,-7.50376662557523846e-05,2.49407826180837406e-05,3.69559825201443415e+00,1.11515632656825903e-02,1.13599145883856670e-02,6.07575482372010173e-03,1.44538286065794930e+00
6.39999999999999941e-09,3.68209878034508962e-05,3.27853371899999464e-05,1.46600959402349229e+00,9.53149286565051213e-03,9.68473081407801237e-03,9.71332577768002081e-02,-7.51489481662229782e-05,2.46877731462464595e-05,3.75426451107282322e+00,1.11598251515652933e-02,1.13686094253458124e-02,6.07964489233530411e-03,1.47433583276370461e+00
6.49999999999999947e-09,3.62445218815529678e-05,3.29732723270167153e-05,1.49499355192616212e+00,9.61663887451243669e-03,9.77141807338036995e-03,9.71338914836033934e-02,-7.52569792550817940e-05,2.44440967894202236e-05,3.81293080146775454e+00,1.11677735245139347e-02,1.13769718946205370e-02,6.08344837572088667e-03,1.50331882172857578e+00
6.59999999999999954e-09,3.56754427787863191e-05,3.31568193985749035e-05,1.52400622984992595e+00,9.70063195852197309e-03,9.85693392901355186e-03,9.71345000848753554e-02,-7.53618489445953256e-05,2.42094541501010654e-05,3.87159712203496964e+00,1.11754245789282159e-02,1.13850194454486967e-02,6.08716878263520968e-03,1.53233055042450017e+00
6.69999999999999961e-09,3.51135864540896912e-05,3.33361950791632731e-05,1.55304642163625273e+00,9.78350106644647680e-03,9.94130787080694731e-03,9.71350848264559280e-02,-7.54637812831379629e-05,2.39834400106268932e-05,3.93026347163310596e+00,1.11827937040621678e-02,1.13927683359684000e-02,6.09080935419359371e-03,1.56136981198196301e+00
6.79999999999999968e-09,3.45589144765819802e-05,3.35115284609726119e-05,1.58211298664993771e+00,9.86527444560069203e-03,1.00245683834157516e-02,9.71356469240242520e-02,-7.55627328927424449e-05,2.37654560188857763e-05,3.98892984929822703e+00,1.11898956388956916e-02,1.14002341178782857e-02,6.09437320447122483e-03,1.59043546518020307e+00
6.89999999999999975e-09,3.40113224281431617e-05,3.36828728741870608e-05,1.61120484550781273e+00,9.94597914196647739e-03,1.01067428132367854e-02,9.71361875557239934e-02,-7.56587580544071690e-05,2.35549516380206895e-05,4.04759625415867230e+00,1.11967434849043687e-02,1.14074309248612307e-02,6.09786333487029753e-03,1.61952643007957198e+00
6.99999999999999899e-09,3.34706625241351725e-05,3.38503766265583599e-05,1.64032097605858795e+00,1.00256411929549351e-02,1.01878576925740344e-02,9.71367078152794716e-02,-7.57520290370537562e-05,2.33514219375338629e-05,4.10626268533422856e+00,1.12033495152680188e-02,1.14143722005260531e-02,6.10128257457464868e-03,1.64864168398244626e+00
7.09999999999999906e-09,3.29368717613405624e-05,3.40143140358620220e-05,1.66946040972607501e+00,1.01042858823934146e-02,1.02679386052788521e-02,9.71372086891901937e-02,-7.58425715554137390e-05,2.31545680389777450e-05,4.16492914194724584e+00,1.12097255557257938e-02,1.14210705255262269e-02,6.10463353716279768e-03,1.67778025775067130e+00
7.19999999999999912e-09,3.24098373148038374e-05,3.41749328758721808e-05,1.69862222806733598e+00,1.01819376150696934e-02,1.03470102949033034e-02,9.71376910801999838e-02,-7.59303522252989895e-05,2.29641672838536181e-05,4.22359562313785908e+00,1.12158826918235810e-02,1.14275376769355751e-02,6.10791875526281967e-03,1.70694123240161000e+00
7.29999999999999919e-09,3.18893595919311141e-05,3.43323008606913975e-05,1.72780555970944150e+00,1.02586199018313926e-02,1.04250968442483865e-02,9.71381558456402699e-02,-7.60153727339879309e-05,2.27800224646147754e-05,4.28226212814182539e+00,1.12218313313946667e-02,1.14337847273435194e-02,6.11114062969187952e-03,1.73612373598938174e+00
7.39999999999999926e-09,3.13751027233296698e-05,3.44864080247656688e-05,1.75700957734249208e+00,1.03343553806251390e-02,1.05022213422515456e-02,9.71386038075333219e-02,-7.60979435322934472e-05,2.26017719903436290e-05,4.34092865623369661e+00,1.12275810853175381e-02,1.14398219869466418e-02,6.11430135537452835e-03,1.76532694065093687e+00
7.49999999999999933e-09,3.08668023579176609e-05,3.46372065620439865e-05,1.78623349488130589e+00,1.04091659868529238e-02,1.05784059730662620e-02,9.71390357777027619e-02,-7.61783839143723672e-05,2.24288953273075147e-05,4.39959520668000081e+00,1.12331409605412168e-02,1.14456590678857530e-02,6.11740306404728006e-03,1.79455005987030658e+00
7.59999999999999857e-09,3.03643369203025119e-05,3.47848407126869104e-05,1.81547656505964961e+00,1.04830732540245469e-02,1.06536722531643570e-02,9.71394525070820025e-02,-7.62568198625099774e-05,2.22611902754362787e-05,4.45826177874221674e+00,1.12385197171315059e-02,1.14513051499968658e-02,6.12044788024017263e-03,1.82379234596325945e+00
7.69999999999999947e-09,2.98675207634241610e-05,3.49294278347302259e-05,1.84473807711170923e+00,1.05560978553316115e-02,1.07280409100618743e-02,9.71398546664989232e-02,-7.63334040510853712e-05,2.20984822563676363e-05,4.51692837169538741e+00,1.12437256082222707e-02,1.14567687528973963e-02,6.12343773435187512e-03,1.85305308774756261e+00
7.79999999999999871e-09,2.93761821397755973e-05,3.50710616162240013e-05,1.87401735464873864e+00,1.06282597459373095e-02,1.08015322536936988e-02,9.71402428886714436e-02,-7.64083084029220196e-05,2.19405318576510567e-05,4.57559498490336303e+00,1.12487662829890804e-02,1.14620579310551318e-02,6.12637441730827775e-03,1.88233160840709157e+00
7.89999999999999960e-09,2.88902060586157977e-05,3.52100479394366306e-05,1.90331375358042587e+00,1.06995783030654715e-02,1.08741663227437980e-02,9.71406178103718654e-02,-7.64816032050346566e-05,2.17872199458188075e-05,4.63426161775854073e+00,1.12536490765372862e-02,1.14671807942809921e-02,6.12925971939563743e-03,1.91162726344078115e+00
7.99999999999999884e-09,2.84095224036809744e-05,3.53464724256622465e-05,1.93262666023912022e+00,1.07700722120125485e-02,1.09459619734599192e-02,9.71409800252990147e-02,-7.65533096106537080e-05,2.16383977732236121e-05,4.69292826968260357e+00,1.12583808543673357e-02,1.14721445018585895e-02,6.13209532445834100e-03,1.94093943877902086e+00
8.09999999999999974e-09,2.79340830003512757e-05,3.54804340029313232e-05,1.96195548958527111e+00,1.08397595743940749e-02,1.10169374397547561e-02,9.71413301587942118e-02,-7.66233777194685650e-05,2.14939682623479203e-05,4.75159494018630113e+00,1.12629681987760667e-02,1.14769558679506303e-02,6.13488290161022347e-03,1.97026754906058921e+00
8.19999999999999898e-09,2.74637695369886069e-05,3.56119548992072814e-05,1.99129968358107168e+00,1.09086578684386756e-02,1.10871104359433013e-02,9.71416687361117276e-02,-7.66918424836624788e-05,2.13536995775795042e-05,4.81026162875937757e+00,1.12674172194233303e-02,1.14816213791127299e-02,6.13762387522514587e-03,1.99961103594205736e+00
8.29999999999999988e-09,2.69984755847902804e-05,3.57411126383050371e-05,2.02065870969035455e+00,1.09767839973561182e-02,1.11564981611942966e-02,9.71419962450147528e-02,-7.67587199215289523e-05,2.12174542572714437e-05,4.86892833487007781e+00,1.12717336075788665e-02,1.14861470769114706e-02,6.14031961302813605e-03,2.02896936657143412e+00
8.39999999999999912e-09,2.65381177178213872e-05,3.58679752715248623e-05,2.05003205946461797e+00,1.10441546172982703e-02,1.12251173286977042e-02,9.71423131145427443e-02,-7.68240570997021316e-05,2.10851746746913766e-05,4.92759505800452313e+00,1.12759228223023519e-02,1.14905386641845457e-02,6.14297148534328347e-03,2.05834203218329881e+00
8.50000000000000001e-09,2.60824713459127655e-05,3.59926890217800716e-05,2.07941924722113258e+00,1.11107859044700368e-02,1.12929842204645380e-02,9.71426197678087466e-02,-7.68880108186010468e-05,2.09568052203333673e-05,4.98626179767829569e+00,1.12799901353057060e-02,1.14948015807599894e-02,6.14558079092727277e-03,2.08772854677329311e+00
8.59999999999999925e-09,2.56313575988584286e-05,3.61152180837201659e-05,2.10881980874644848e+00,1.11766934806891687e-02,1.13601145898602814e-02,9.71429166468524841e-02,-7.69507126475663794e-05,2.08320735275152359e-05,5.04492855340104018e+00,1.12839405804514136e-02,1.14989410416316898e-02,6.14814884603057891e-03,2.11712844583537763e+00
8.69999999999999849e-09,2.51848308641620391e-05,3.62355672953357152e-05,2.13823330021374503e+00,1.12418926543738206e-02,1.14265239100909202e-02,9.71432041431017357e-02,-7.70121206624908231e-05,2.07107877051605557e-05,5.10359532470007160e+00,1.12877790413329401e-02,1.15029621100420677e-02,6.15067680711258672e-03,2.14654128520884457e+00
8.79999999999999939e-09,2.47428393482274992e-05,3.63538319783564092e-05,2.16765929703418925e+00,1.13063979904606780e-02,1.14922271226260992e-02,9.71434826063693330e-02,-7.70722662684227667e-05,2.05928040217003418e-05,5.16226211115777467e+00,1.12915099466266156e-02,1.15068696192098790e-02,6.15316583878774536e-03,2.17596664000590678e+00
8.89999999999999863e-09,2.43052567439960162e-05,3.64700533580961887e-05,2.19709739283802774e+00,1.13702236708620678e-02,1.15572387819361556e-02,9.71437524496724381e-02,-7.71312100229568478e-05,2.04778987904368692e-05,5.22092891234961876e+00,1.12951375594347331e-02,1.15106681894412699e-02,6.15561712828514938e-03,2.20540410355894245e+00
8.99999999999999953e-09,2.38719364791901970e-05,3.65842644419435293e-05,2.22654719845835602e+00,1.14333834316785888e-02,1.16215728818627739e-02,9.71440140378067446e-02,-7.71890737018433030e-05,2.03659186055735274e-05,5.27959572785789089e+00,1.12986658789327767e-02,1.15143621320968215e-02,6.15803168629804054e-03,2.23485328646896964e+00
9.09999999999999877e-09,2.34428218452020375e-05,3.66965514991374572e-05,2.25600834109844994e+00,1.14958905087689817e-02,1.16852429286515309e-02,9.71442676821951817e-02,-7.72458964910738776e-05,2.02567924534169878e-05,5.33826255728516230e+00,1.13020986179012701e-02,1.15179554650706919e-02,6.16041045819465394e-03,2.26431381571348167e+00
9.19999999999999966e-09,2.30179209477842671e-05,3.68070227411607359e-05,2.28548046348701162e+00,1.15577577977302864e-02,1.17482620366151525e-02,9.71445137043694534e-02,-7.73016599962900121e-05,2.01504564636425547e-05,5.39692940028166035e+00,1.13054393707805369e-02,1.15214519935258244e-02,6.16275446189752489e-03,2.29378533381662475e+00
9.29999999999999890e-09,2.25972149170600471e-05,3.69157746313342238e-05,2.31496322311293712e+00,1.16189978163121523e-02,1.18106429505719958e-02,9.71447524208111646e-02,-7.73563281364254303e-05,2.00468225426770376e-05,5.45559625652385272e+00,1.13086915302236159e-02,1.15248553055907945e-02,6.16506466393632740e-03,2.32326749804572996e+00
9.39999999999999980e-09,2.21805855563829372e-05,3.70229619338016889e-05,2.34445629145979151e+00,1.16796230253821600e-02,1.18723980894229492e-02,9.71449841259916930e-02,-7.74098987642304692e-05,1.99458472391408807e-05,5.51426312568773636e+00,1.13118583691475399e-02,1.15281688255782777e-02,6.16734193614880237e-03,2.35275997965303851e+00
9.49999999999999904e-09,2.17679452680030831e-05,3.71287309152910341e-05,2.37395935328071328e+00,1.17396454090945429e-02,1.19335395643058850e-02,9.71452090691149600e-02,-7.74623735444910321e-05,1.98474962891361077e-05,5.57293000742470923e+00,1.13149430370587528e-02,1.15313958835780266e-02,6.16958712557655591e-03,2.38226246316303270e+00
9.59999999999999994e-09,2.13592077642808331e-05,3.72330427694541981e-05,2.40347210594125649e+00,1.17990765154760424e-02,1.19940791624131276e-02,9.71454274875838825e-02,-7.75137978072217498e-05,1.97516559445099422e-05,5.63159690141316371e+00,1.13179485235674962e-02,1.15345395837666426e-02,6.17180103601304951e-03,2.41177464573889555e+00
9.69999999999999918e-09,2.09543062404645697e-05,3.73358521261158720e-05,2.43299425881201481e+00,1.18579276374928128e-02,1.20540285041398146e-02,9.71456396328774785e-02,-7.75642084851126151e-05,1.96582259235138485e-05,5.69026380733367176e+00,1.13208777760072220e-02,1.15376030591562827e-02,6.17398445995771643e-03,2.44129623654973127e+00
9.79999999999999842e-09,2.05532087291704745e-05,3.74371986688542364e-05,2.46252553268697127e+00,1.19162095969687111e-02,1.21133988206265242e-02,9.71458457566054812e-02,-7.76136149760692587e-05,1.95671046913716886e-05,5.74893072489482915e+00,1.13237334646322987e-02,1.15405892706088083e-02,6.17613815998561706e-03,2.47082695619837489e+00
9.89999999999999931e-09,2.01557711306398786e-05,3.75371913512136251e-05,2.49206565924925583e+00,1.19739330481989960e-02,1.21722009308153564e-02,9.71460461248725704e-02,-7.76621155070224067e-05,1.94782439290694911e-05,5.80759765385071258e+00,1.13265181835304797e-02,1.15435009333333272e-02,6.17826291188335042e-03,2.50036653617917359e+00
9.99999999999999855e-09,1.97619697307964591e-05,3.76358286224449799e-05,2.52161438051837594e+00,1.20311083590326513e-02,1.22304452157017771e-02,9.71462409548298766e-02,-7.77097356922027934e-05,1.93915535282900283e-05,5.86626459395867794e+00,1.13292343761070766e-02,1.15463405438538478e-02,6.18035941711239656e-03,2.52991471833691683e+00
1.00999999999999995e-08,1.93718095988721831e-05,3.77330378053831791e-05,2.55117144835698761e+00,1.20877456321258781e-02,1.22881419028715994e-02,9.71464304443784843e-02,-7.77564986005201299e-05,1.93069064408404484e-05,5.92493154497954322e+00,1.13318843412071393e-02,1.15491105434324410e-02,6.18242835964657924e-03,2.55947125437665424e+00
1.01999999999999987e-08,1.89852633963001749e-05,3.78288023715925119e-05,2.58073662404010218e+00,1.21438545818558438e-02,1.23453010473471014e-02,9.71466147793464685e-02,-7.78024088675311116e-05,1.92241724334813061e-05,5.98359850664015980e+00,1.13344702970918105e-02,1.15518133605437643e-02,6.18447038811137211e-03,2.58903590538188277e+00
1.02999999999999996e-08,1.86023756164837401e-05,3.79232213601957062e-05,2.61030967778246215e+00,1.21994447215327574e-02,1.24019323247391167e-02,9.71467941251588640e-02,-7.78473998756031314e-05,1.91433105939151022e-05,6.04226547865675556e+00,1.13369944389445313e-02,1.15544512593251675e-02,6.18648614766170116e-03,2.61860844138881887e+00
1.03999999999999988e-08,1.82230836771182585e-05,3.80163748446125469e-05,2.63989038833530820e+00,1.22545252859120879e-02,1.24580451769338938e-02,9.71469686629626850e-02,-7.78915072046964320e-05,1.90642737792263192e-05,6.10093246077186091e+00,1.13394587944397988e-02,1.15570264180907805e-02,6.18847626605730297e-03,2.64818864099161999e+00
1.04999999999999997e-08,1.78473248238602062e-05,3.81083753986969116e-05,2.66947854263428308e+00,1.23091054008022185e-02,1.25136487606604049e-02,9.71471385732126796e-02,-7.79347470667412899e-05,1.89870473256500581e-05,6.15959945279110332e+00,1.13418653924286308e-02,1.15595409294573150e-02,6.19044135423656768e-03,2.67777629097029646e+00
1.05999999999999990e-08,1.74750782843712319e-05,3.81992849830790101e-05,2.69907393539266049e+00,1.23631939456213986e-02,1.25687520559497300e-02,9.71473040053723452e-02,-7.79771182975160182e-05,1.89115931693595363e-05,6.21826645450703719e+00,1.13442161789630760e-02,1.15619968350850772e-02,6.19238197019159747e-03,2.70737118588256731e+00
1.06999999999999982e-08,1.71062314738105122e-05,3.82890817190252833e-05,2.72867636875747355e+00,1.24167993849117562e-02,1.26233636907604422e-02,9.71474651000765604e-02,-7.80186787642699937e-05,1.88378086630842349e-05,6.27693346570917399e+00,1.13465129186401305e-02,1.15643960202626156e-02,6.19429864214799970e-03,2.73697312771880696e+00
1.07999999999999991e-08,1.67406453333624914e-05,3.83776955603793151e-05,2.75828565197405107e+00,1.24699300415923309e-02,1.26774922431182047e-02,9.71476220105763066e-02,-7.80594905909902690e-05,1.87655985405717444e-05,6.33560048619024752e+00,1.13487573319206048e-02,1.15667403254472341e-02,6.19619189315954305e-03,2.76658192557413418e+00
1.08999999999999983e-08,1.63782359603381332e-05,3.84651004576882277e-05,2.78790160107782592e+00,1.25225939400502237e-02,1.27311460212099423e-02,9.71477748619519327e-02,-7.80995876513848955e-05,1.86948960386192494e-05,6.39426751575728147e+00,1.13509510196172780e-02,1.15690315186824516e-02,6.19806222454528238e-03,2.79619739534001122e+00
1.09999999999999992e-08,1.60188849442888091e-05,3.85513273824544426e-05,2.81752403857642264e+00,1.25747990265194873e-02,1.27843330225864745e-02,9.71479238067520234e-02,-7.81390322034211009e-05,1.86256697663622193e-05,6.45293455420084516e+00,1.13530955877123967e-02,1.15712712676627871e-02,6.19991016874530364e-03,2.82581935939133233e+00
1.10999999999999985e-08,1.56625221111050150e-05,3.86364311835243787e-05,2.84715279318682812e+00,1.26265530960292822e-02,1.28370611458774701e-02,9.71480689797473013e-02,-7.81778648664824879e-05,1.85578933761926326e-05,6.51160160131375321e+00,1.13551925881168973e-02,1.15734612098201475e-02,6.20173621400603101e-03,2.85544764631382453e+00
1.11999999999999994e-08,1.53090947812288100e-05,3.87204290965213039e-05,2.87678769957230074e+00,1.26778637762905867e-02,1.28893380103680937e-02,9.71482104968922205e-02,-7.82160961769259725e-05,1.84915242591168922e-05,6.57026865689812301e+00,1.13572435276976923e-02,1.15756028666543793e-02,6.20354081743005551e-03,2.88508209063992371e+00
1.12999999999999986e-08,1.49585649647261264e-05,3.88033361310062967e-05,2.90642859808426923e+00,1.27287384146183395e-02,1.29411709523211283e-02,9.71483484581508183e-02,-7.82537302153691396e-05,1.84265251564785176e-05,6.62893572076021709e+00,1.13592498004495678e-02,1.15776976487806417e-02,6.20532440824492475e-03,2.91472253259221148e+00
1.13999999999999995e-08,1.46108168322076713e-05,3.88851245670418193e-05,2.93607533452787983e+00,1.27791841892671704e-02,1.29925672169243760e-02,9.71484829829199065e-02,-7.82908256528724986e-05,1.83628328201876786e-05,6.68760279273351799e+00,1.13612127542247685e-02,1.15797469578670931e-02,6.20708743828626581e-03,2.94436881785408788e+00
1.14999999999999988e-08,1.42657321396277931e-05,3.89658124825059877e-05,2.96572775993045079e+00,1.28292081618958942e-02,1.30435339690686478e-02,9.71486141871989728e-02,-7.83274402491087994e-05,1.83004038794535569e-05,6.74626987265268685e+00,1.13631337074234281e-02,1.15817521840305276e-02,6.20883035380219266e-03,2.97402079732766378e+00
1.15999999999999996e-08,1.39232975004754354e-05,3.90455207501673085e-05,2.99538573030850852e+00,1.28788172436893368e-02,1.30940783549718352e-02,9.71487421951729574e-02,-7.83635678204082820e-05,1.82392479137621876e-05,6.80493696035562667e+00,1.13650139367484256e-02,1.15837147020241542e-02,6.21055360114735645e-03,3.00367832691711811e+00
1.16999999999999989e-08,1.35834674353805314e-05,3.91243053512229039e-05,3.02504910645768943e+00,1.29280181497515492e-02,1.31442072757493485e-02,9.71488671206067050e-02,-7.83992191780000827e-05,1.81793492446484631e-05,6.86360405569888776e+00,1.13668546670061370e-02,1.15856358407850583e-02,6.21225759377048384e-03,3.03334126732959497e+00
1.17999999999999981e-08,1.32462351954241121e-05,3.92021710632859543e-05,3.05471775377803256e+00,1.29768174896171366e-02,1.31939273483801609e-02,9.71489890578959153e-02,-7.84343821298543180e-05,1.81206560675134053e-05,6.92227115853709662e+00,1.13686571064852884e-02,1.15875168267627563e-02,6.21394270114915444e-03,3.06300948386803729e+00
1.18999999999999990e-08,1.29115607448661277e-05,3.92791470402473430e-05,3.08439154208401201e+00,1.30252216750433927e-02,1.32432450327854469e-02,9.71491081005812912e-02,-7.84690624432413569e-05,1.80631375870324210e-05,6.98093826872480872e+00,1.13704223982592882e-02,1.15893588322723475e-02,6.21560929086048715e-03,3.09268284624492651e+00
1.19999999999999983e-08,1.25794219506285200e-05,3.93552698567340505e-05,3.11407034540976779e+00,1.30732369480071522e-02,1.32921666269372636e-02,9.71492243338289291e-02,-7.85032554267784327e-05,1.80067748044459338e-05,7.03960538610855391e+00,1.13721516227751913e-02,1.15911629714068355e-02,6.21725773595312777e-03,3.12236122840011365e+00
1.20999999999999992e-08,1.22497902472698680e-05,3.94305932550392579e-05,3.14375404185260754e+00,1.31208693802916353e-02,1.33406983110815509e-02,9.71493378429015703e-02,-7.85369624672911768e-05,1.79515579236593408e-05,7.09827251054222863e+00,1.13738458016662807e-02,1.15929303212196372e-02,6.21888838748175122e-03,3.15204450833895322e+00
1.21999999999999984e-08,1.19226271987655990e-05,3.95051497090279118e-05,3.17344251340925876e+00,1.31681248945703950e-02,1.33888461580850358e-02,9.71494487122766398e-02,-7.85701884591263444e-05,1.78974702860457442e-05,7.15693964188228726e+00,1.13755059113421469e-02,1.15946619264091257e-02,6.22050158309320547e-03,3.18173256796832948e+00
1.22999999999999993e-08,1.15978879279907002e-05,3.95789437998390488e-05,3.20313564582755905e+00,1.32150092972885460e-02,1.34366160803283206e-02,9.71495570191871632e-02,-7.86029442154137460e-05,1.78444761586044183e-05,7.21560677999512112e+00,1.13771329093445023e-02,1.15963587921103697e-02,6.22209764758922205e-03,3.21142529294643975e+00
1.23999999999999985e-08,1.12754932035103296e-05,3.96519714898473661e-05,3.23283332845318494e+00,1.32615283174343304e-02,1.34840139043910616e-02,9.71496628436298720e-02,-7.86352660864312041e-05,1.77925341489563571e-05,7.27427392474351286e+00,1.13787277547045089e-02,1.15980219232955182e-02,6.22367690801233983e-03,3.24112257252918567e+00
1.24999999999999994e-08,1.09554414789228560e-05,3.97242268745555204e-05,3.26253545408820678e+00,1.33076876059751558e-02,1.35310453407044753e-02,9.71497662650967486e-02,-7.86671533007570010e-05,1.77416027655168564e-05,7.33294107599552181e+00,1.13802913559706634e-02,1.15996522765827899e-02,6.22523969156362888e-03,3.27082429943467456e+00
1.25999999999999987e-08,1.06376651552377737e-05,3.97957507898310159e-05,3.29224191886605366e+00,1.33534926833547198e-02,1.35777159967305217e-02,9.71498673591426193e-02,-7.86986292909699035e-05,1.76916642898064312e-05,7.39160823362648500e+00,1.13818245926225695e-02,1.16012507787264310e-02,6.22678631220320924e-03,3.30053036971073332e+00
1.26999999999999996e-08,1.03221171856752130e-05,3.98665553603195477e-05,3.32195262211189002e+00,1.33989488959456900e-02,1.36240312968653743e-02,9.71499661947095028e-02,-7.87297097724050051e-05,1.76426872389868503e-05,7.45027539751659607e+00,1.13833282985365738e-02,1.16028183089386290e-02,6.22831706422089220e-03,3.33024068260626560e+00
1.27999999999999988e-08,1.00087949618350648e-05,3.99366704644735774e-05,3.35166746622949985e+00,1.34440615262912417e-02,1.36699966051604446e-02,9.71500628324005189e-02,-7.87603984244809597e-05,1.75946505510042794e-05,7.50894256754066713e+00,1.13848033022373573e-02,1.16043557353443724e-02,6.22983224784775039e-03,3.35995514044451760e+00
1.28999999999999981e-08,9.69771205035631183e-06,4.00060652471290797e-05,3.38138635659117970e+00,1.34888357748219664e-02,1.37156172453657809e-02,9.71501573386715500e-02,-7.87906924325983566e-05,1.75474980810880315e-05,7.56760974358044525e+00,1.13862504247232588e-02,1.16058639324630695e-02,6.23133216190934446e-03,3.38967364851317399e+00
1.29999999999999989e-08,9.38886249399190206e-06,4.00747379789397404e-05,3.41110920141219953e+00,1.35332766322445938e-02,1.37608983115325208e-02,9.71502497751574184e-02,-7.88205941445456769e-05,1.75011932798587120e-05,7.62627692552338132e+00,1.13876704148602390e-02,1.16073436919167904e-02,6.23281708102412305e-03,3.41939611495270945e+00
1.30999999999999982e-08,9.08224324224780118e-06,4.01426978060515988e-05,3.44083591165404856e+00,1.35773889697657843e-02,1.38058447967102978e-02,9.71503402026095420e-02,-7.88500990900359734e-05,1.74557103488257795e-05,7.68494411325976667e+00,1.13890639877704293e-02,1.16087957795580655e-02,6.23428727371485008e-03,3.44912245064896350e+00
1.31999999999999991e-08,8.77781668177732711e-06,4.02099548200871931e-05,3.47056640092325797e+00,1.36211775856965485e-02,1.38504616363544931e-02,9.71504286844545317e-02,-7.88792179685386056e-05,1.74110285334780771e-05,7.74361130668565600e+00,1.13904318464865349e-02,1.16102209627409452e-02,6.23574300576417839e-03,3.47885256913338736e+00
1.32999999999999983e-08,8.47554604639744560e-06,4.02765151800968778e-05,3.50030058536284949e+00,1.36646471634759223e-02,1.38947536123737083e-02,9.71505152757242557e-02,-7.89079649557395080e-05,1.73671250074732906e-05,7.80227850569764048e+00,1.13917746649266852e-02,1.16116199612845833e-02,6.23718452348199538e-03,3.50858638648339038e+00
1.33999999999999992e-08,8.17539812571274475e-06,4.03423819311075706e-05,3.53003838356507726e+00,1.37078022935323996e-02,1.39387254124861016e-02,9.71506000286809362e-02,-7.89363524251731014e-05,1.73239789094859692e-05,7.86094571019304045e+00,1.13930931062713667e-02,1.16129934742657086e-02,6.23861207408767365e-03,3.53832382122984068e+00
1.34999999999999985e-08,7.87739331684951397e-06,4.04075648740470411e-05,3.55977971649346303e+00,1.37506474633555965e-02,1.39823816120042098e-02,9.71506830006160643e-02,-7.89643670507996783e-05,1.72815686479718392e-05,7.91961292008018614e+00,1.13943878092363227e-02,1.16143421722953045e-02,6.24002592078826742e-03,3.56806479427356527e+00
1.35999999999999994e-08,7.58152228896253407e-06,4.04720763537573704e-05,3.58952450738936291e+00,1.37931870379981378e-02,1.40257266750904094e-02,9.71507642414926598e-02,-7.89920104310716341e-05,1.72398770321492214e-05,7.97828013526498037e+00,1.13956593750803529e-02,1.16156666945675495e-02,6.24142629626809990e-03,3.59780922879364606e+00
1.36999999999999986e-08,7.28777350218337897e-06,4.05359321997056561e-05,3.61927268169451422e+00,1.38354252907253485e-02,1.40687649546806567e-02,9.71508437993107571e-02,-7.90192812007046590e-05,1.71988916645002314e-05,8.03694735565866125e+00,1.13969083867243720e-02,1.16169676532311833e-02,6.24281342565652982e-03,3.62755705017015151e+00
1.37999999999999995e-08,6.99612393967072679e-06,4.05991513007082584e-05,3.64902416697579746e+00,1.38773663874012815e-02,1.41115007191813403e-02,9.71509217185954205e-02,-7.90461849441245106e-05,1.71585947800923660e-05,8.09561458117054578e+00,1.13981354054493982e-02,1.16182456425922339e-02,6.24418752264470963e-03,3.65730818590260043e+00
1.38999999999999987e-08,6.70654221955353097e-06,4.06617717895718227e-05,3.67877889283861004e+00,1.39190144159977713e-02,1.41539381448025393e-02,9.71509980406151247e-02,-7.90727356640104405e-05,1.71189796733967047e-05,8.15428181170803157e+00,1.13993409837897797e-02,1.16195012360141049e-02,6.24554880204532779e-03,3.68706256553545053e+00
1.39999999999999980e-08,6.41901225569418835e-06,4.07238313818892930e-05,3.70853679086298937e+00,1.39603733498368382e-02,1.41960812873975530e-02,9.71510728075118818e-02,-7.90989365044188615e-05,1.70800455603264288e-05,8.21294904718400787e+00,1.14005256409161031e-02,1.16207349750298769e-02,6.24689746987687131e-03,3.71682012059037836e+00
1.40999999999999989e-08,6.13349427029643483e-06,4.07853568722273295e-05,3.73829779453754840e+00,1.40014471302093053e-02,1.42379341081643167e-02,9.71511460617655309e-02,-7.91247984150695693e-05,1.70417870393007206e-05,8.27161628751598776e+00,1.14016898860017993e-02,1.16219473792795961e-02,6.24823373267274513e-03,3.74658078449738907e+00
1.41999999999999981e-08,5.84993487381471893e-06,4.08463670745997287e-05,3.76806183919124171e+00,1.40422396639765280e-02,1.42795004899407014e-02,9.71512178445705504e-02,-7.91503344973926203e-05,1.70041881290957149e-05,8.33028353262792898e+00,1.14028342301974797e-02,1.16231389696949995e-02,6.24955779085893150e-03,3.77634449253012194e+00
1.42999999999999990e-08,5.56830447419849671e-06,4.09068790432131295e-05,3.79782886192872837e+00,1.40827546874991699e-02,1.43207842035453677e-02,9.71512881939279593e-02,-7.91755520524197148e-05,1.69672338965726342e-05,8.38895078244215675e+00,1.14039591500439130e-02,1.16243102356043543e-02,6.25086983490860410e-03,3.80611118173871255e+00
1.43999999999999982e-08,5.28856109104972852e-06,4.09668628702407269e-05,3.82759880156873988e+00,1.41229958482520131e-02,1.43617890145424035e-02,9.71513571478370003e-02,-7.92004623230490261e-05,1.69308969888451140e-05,8.44761803687824653e+00,1.14050650943966613e-02,1.16254616699042555e-02,6.25217005338275442e-03,3.83588079088885259e+00
1.44999999999999991e-08,5.01065829282007025e-06,4.10263083086649647e-05,3.85737159858962375e+00,1.41629666989317310e-02,1.44025185985277582e-02,9.71514247397212011e-02,-7.92250776565649363e-05,1.68951605352713150e-05,8.50628529586387572e+00,1.14061524868441198e-02,1.16265937334481088e-02,6.25345862091802526e-03,3.86565326040930968e+00
1.45999999999999984e-08,4.73454620275434365e-06,4.10852280791518010e-05,3.88714719507724027e+00,1.42026706927228692e-02,1.44429764747527334e-02,9.71514910035090606e-02,-7.92494118252131318e-05,1.68600120215124420e-05,8.56495255932996180e+00,1.14072217295854480e-02,1.16277068501504099e-02,6.25473571321475633e-03,3.89542853233378850e+00
1.46999999999999993e-08,4.46016970645366417e-06,4.11436341849038195e-05,3.91692553466685256e+00,1.42421112429012165e-02,1.44831660707047515e-02,9.71515559738046069e-02,-7.92734790096940499e-05,1.68254403778894101e-05,8.62361982720652698e+00,1.14082732213158199e-02,1.16288014218342423e-02,6.25600150303870506e-03,3.92520655024544451e+00
1.47999999999999985e-08,4.18749332321237801e-06,4.12015481497862162e-05,3.94670656249172724e+00,1.42812916760320791e-02,1.45230907350670773e-02,9.71516196850146507e-02,-7.92972860753254666e-05,1.67914351253475394e-05,8.68228709942525079e+00,1.14093073447660582e-02,1.16298778302433830e-02,6.25725615897934628e-03,3.95498725922684136e+00
1.48999999999999994e-08,3.91647476645972867e-06,4.12589589223988330e-05,3.97649022513100769e+00,1.43202152046927374e-02,1.45627537304097651e-02,9.71516821643190198e-02,-7.93208446473020310e-05,1.67579755682174797e-05,8.74095437592413660e+00,1.14103244527976218e-02,1.16309364429362429e-02,6.25849984100369100e-03,3.98477060581303544e+00
1.49999999999999987e-08,3.64708906890372903e-06,4.13158424171186203e-05,4.00627647056595482e+00,1.43588849946410420e-02,1.46021582428353860e-02,9.71517434315701256e-02,-7.93441616774170645e-05,1.67250356811169152e-05,8.79962165663893892e+00,1.14113248914405295e-02,1.16319776132652979e-02,6.25973269715570692e-03,4.01455653793985690e+00
