time_s,mean_x_m,mean_y_m,mean_z_m,rms_x_m,rms_y_m,rms_z_m,mean_px_beta_gamma,mean_py_beta_gamma,mean_pz_beta_gamma,rms_px_beta_gamma,rms_py_beta_gamma,rms_pz_beta_gamma
0.000000000000000000e+00,3.539862799204644884e-06,-2.755812614487050044e-06,5.301454166200710332e-06,9.992831722182428204e-04,9.981409205794882986e-04,9.976287106781714462e-04,3.539862799204654135e-09,-2.755812614487044608e-09,1.988011810227898468e-01,9.992831722182431779e-07,9.981409205794876565e-07,9.976287106779102721e-07
1.212121212121212048e-10,3.543425274003123667e-06,-2.710867525741055146e-06,8.292144277742276651e-03,1.000768252052437485e-03,9.996402628582392886e-04,9.990867128328892281e-04,7.578889959032951317e-09,-3.810729851781961699e-08,2.699133125006457079e-01,5.459107383424881380e-05,5.459001170095726459e-05,5.565757649510485387e-05
2.424242424242424096e-10,3.473867463000552821e-06,-2.882082387462234839e-06,1.890258881584708922e-02,1.005126102800289181e-03,1.004008853194829267e-03,1.002694234958176117e-03,1.096904255425810409e-07,1.819592852234774106e-07,3.410255735937059440e-01,1.051804675409302259e-04,1.051615643823703247e-04,1.089331036200974696e-04
3.636363636363636402e-10,3.472121277595729460e-06,-2.995074157738622560e-06,3.170272451799564795e-02,1.010071210385255196e-03,1.008871528687176446e-03,1.006705021103296510e-03,1.189729185879853338e-07,3.459408070229676708e-07,4.121379565527925615e-01,1.549597372732445220e-04,1.550823297574552729e-04,1.617895178662587924e-04
4.848484848484848192e-10,3.556600588332999548e-06,-2.937225563043359719e-06,4.654449565079600559e-02,1.016021745784271993e-03,1.014823428620926496e-03,1.011767737125607303e-03,7.377107368974205510e-09,2.636179280431294109e-07,4.832503253588096848e-01,2.031462820540844301e-04,2.032621077630520961e-04,2.132982710453841654e-04
6.060606060606059981e-10,3.597439966415303206e-06,-2.631070682703272239e-06,6.327253613305607038e-02,1.023653834333316864e-03,1.022462768519434746e-03,1.017838862528907965e-03,-5.628302324247114775e-08,-2.523804037926932097e-07,5.543624540057203731e-01,2.485005357544341122e-04,2.485617060131553352e-04,2.631692407393901745e-04
7.272727272727272804e-10,3.622221997416404239e-06,-2.554357203634025684e-06,8.172966834577506667e-02,1.032218646170081962e-03,1.031060552539435956e-03,1.024274180777349618e-03,-9.385996457338448443e-08,-3.827396961845504339e-07,6.254745839874458202e-01,2.920620072049716961e-04,2.920543730593098226e-04,3.122234939188320854e-04
8.484848484848484594e-10,3.547555118413510642e-06,-2.653683203683894244e-06,1.017621424974845534e-01,1.041419798130771134e-03,1.040323665925008828e-03,1.030878375106460913e-03,1.077024913537278954e-07,-1.325315213484986248e-07,6.965868021164967061e-01,3.342357990530789671e-04,3.341073660476889503e-04,3.607294178277934771e-04
9.696969696969696383e-10,3.506579194100809770e-06,-2.801522097492754845e-06,1.232229603478242341e-01,1.051444164322842129e-03,1.050363951446237239e-03,1.037712311739184259e-03,2.102641328253037051e-07,2.779679469182005039e-07,7.676993562136361637e-01,3.743345585631921565e-04,3.741893355387633101e-04,4.080315378573204734e-04
1.090909090909090921e-09,3.496047434930695216e-06,-2.889679881960113345e-06,1.459742918442040738e-01,1.061988746268616602e-03,1.060880852910418880e-03,1.044654057443341211e-03,2.534384272273600905e-07,5.256730064201054919e-07,8.388121124762543124e-01,4.128461919707686789e-04,4.128342260022797687e-04,4.535836602320245667e-04
1.212121212121211996e-09,3.563207411411837081e-06,-2.808161495853310987e-06,1.698886725334463610e-01,1.073521948229242979e-03,1.072405538697892083e-03,1.051577216948911681e-03,3.592488409890751629e-08,2.155914592026207750e-07,9.099244334586696903e-01,4.480901591469592837e-04,4.480577742617735336e-04,4.965811200384677264e-04
1.333333333333333279e-09,3.578469802921202604e-06,-2.689061036710022740e-06,1.948495488516922003e-01,1.085784772105862763e-03,1.084621309413616062e-03,1.058403348568808444e-03,-9.585763840995975851e-09,-2.604674717319823548e-07,9.810366036982338667e-01,4.805511750338188875e-04,4.806527288106182791e-04,5.381039252377958380e-04
1.454545454545454561e-09,3.575237318741643563e-06,-2.681806745810646637e-06,2.207512804326967615e-01,1.098332997966651849e-03,1.097190005423658759e-03,1.065140722558628175e-03,2.238946813510391218e-08,-2.651608202558354326e-07,1.052148753501508160e+00,5.116581059688957807e-04,5.116236255472245923e-04,5.788478702616594576e-04
1.575757575757575636e-09,3.569172123171325386e-06,-2.711510079913120186e-06,2.474987574414030944e-01,1.111065255787754965e-03,1.109953576889138134e-03,1.071811909777008274e-03,1.054940854939290078e-07,-4.428942623423574222e-08,1.123260973882666436e+00,5.417033525729434296e-04,5.414916802888383469e-04,6.191814674006982299e-04
1.696969696969696919e-09,3.552325673775051790e-06,-2.747278735460700358e-06,2.750067656264038041e-01,1.124014140921598612e-03,1.122906354878977454e-03,1.078296261670866254e-03,2.459543181680841547e-07,2.452770452048943692e-07,1.194373465261499900e+00,5.701772919879028768e-04,5.699660897079462420e-04,6.585024681974683625e-04
1.818181818181817994e-09,3.554436859032012967e-06,-2.772987148355957054e-06,3.031991559546758364e-01,1.137080778852495467e-03,1.135971015513888294e-03,1.084569815516383444e-03,2.388119592111553791e-07,5.126535245402494190e-07,1.265486128127973231e+00,5.975152830255145518e-04,5.973573687002331793e-04,6.968198349508155157e-04
1.939393939393939277e-09,3.565002104134798698e-06,-2.766885799426548405e-06,3.320080581002617381e-01,1.150293485281217052e-03,1.149193351041651870e-03,1.090450876682115761e-03,1.072553597934466736e-07,3.981466284988002844e-07,1.336598873723306324e+00,6.228571665170677023e-04,6.226579854888129352e-04,7.334672559674199109e-04
2.060606060606060559e-09,3.572176266869043902e-06,-2.751764851902160961e-06,3.613729718251033618e-01,1.163643787993034334e-03,1.162541047424979967e-03,1.095721510437413712e-03,1.007919458131354621e-08,-3.979520101747404606e-08,1.407711205541229083e+00,6.455902718602586198e-04,6.455206307802815362e-04,7.676020685103707034e-04
2.181818181818181841e-09,3.578221942452127631e-06,-2.741525227366318095e-06,3.912402553282136042e-01,1.177035359306244366e-03,1.175920972694610191e-03,1.100680463148465908e-03,1.575226435024040690e-08,-2.862815060036244575e-07,1.478823419488117574e+00,6.668575754623963514e-04,6.669017424113081200e-04,8.004633920961152973e-04
2.303030303030302710e-09,3.581258365941192068e-06,-2.734553123513841035e-06,4.215621640166162809e-01,1.190418918117958557e-03,1.189295846573076550e-03,1.105453315390376090e-03,1.100313336544483779e-07,-2.365757751528988617e-07,1.549935577790843455e+00,6.873089733446296947e-04,6.871680868155800523e-04,8.325541863217296359e-04
2.424242424242423992e-09,3.583968179322506725e-06,-2.725427014721417685e-06,4.522962419657663991e-01,1.203782064742220295e-03,1.202651776588347775e-03,1.110143915741908585e-03,1.184635811865691942e-07,-1.005824109451924839e-07,1.621047788050627103e+00,7.072342622818306385e-04,7.069054323432356164e-04,8.643079437099795504e-04
2.545454545454545275e-09,3.590987549980070535e-06,-2.702070862877022471e-06,4.834047000666754634e-01,1.217073056756291446e-03,1.215946313602589727e-03,1.114626142731528491e-03,1.840585096890604155e-07,1.686773587525490927e-07,1.692160230309997182e+00,7.259771974958548939e-04,7.256569360266479883e-04,8.952216724617518369e-04
2.666666666666666557e-09,3.604839984456398266e-06,-2.686423298391603915e-06,5.148537939385431361e-01,1.230316733439973647e-03,1.229188009987734580e-03,1.118928165318272246e-03,2.855070180186374803e-07,3.769676759590695221e-07,1.763272831005755270e+00,7.441460232705651625e-04,7.438210022099652624e-04,9.254008624758783101e-04
2.787878787878787839e-09,3.614455579781167438e-06,-2.671694090727588732e-06,5.466134167407524780e-01,1.243465724148590940e-03,1.242337374018793843e-03,1.122979714451025329e-03,3.371502034495048937e-07,5.122492902172298741e-07,1.834385532123770313e+00,7.614720385707634620e-04,7.611030666600910287e-04,9.545858077757809253e-04
2.909090909090909122e-09,3.600677437500261357e-06,-2.679854755252658753e-06,5.786566416205898289e-01,1.256464664567656870e-03,1.255331147554600638e-03,1.126590395847487181e-03,2.157565025301428449e-07,4.448710602426810469e-07,1.905498238196148053e+00,7.777048318510083706e-04,7.771744246534073239e-04,9.820525467158294775e-04
3.030303030303029990e-09,3.576261086997855255e-06,-2.716109974804292616e-06,6.109592957234990518e-01,1.269242058725502179e-03,1.268128409057690158e-03,1.129805978164106790e-03,6.181820531046754614e-08,2.287882373258876776e-07,1.976610585445299995e+00,7.925163951696505282e-04,7.920026775449726933e-04,1.007879584829120398e-03
3.151515151515151273e-09,3.574374037642876173e-06,-2.759502786478049039e-06,6.434998407032639367e-01,1.281806959161217166e-03,1.280755333908593007e-03,1.132809786641128351e-03,4.679091014975472661e-08,-7.848405214888561479e-09,2.047722828675439199e+00,8.060499143575331361e-04,8.058394091270638590e-04,1.032834926157255757e-03
3.272727272727272555e-09,3.584321093282311315e-06,-2.792916326532067675e-06,6.762588922928001178e-01,1.294257819840091044e-03,1.293248776395926163e-03,1.135693888572302445e-03,8.694545793190659364e-08,-1.870450419897848473e-07,2.118835056821961160e+00,8.189681898127191412e-04,8.190263949353151791e-04,1.057300477381525970e-03
3.393939393939393837e-09,3.601545359382280851e-06,-2.800193466995824140e-06,7.092190099233780520e-01,1.306637850887389660e-03,1.305600429423378660e-03,1.138468728064864809e-03,1.551449940514813476e-07,-2.340896843976951430e-07,2.189947331183004664e+00,8.315401135415124252e-04,8.314946520999403484e-04,1.081251817353342430e-03
3.515151515151515120e-09,3.616986856636647772e-06,-2.794451086431076144e-06,7.423644259855890493e-01,1.318963666836320573e-03,1.317891851340702433e-03,1.141204545245639483e-03,2.125782127004044907e-07,-2.183524038959377459e-07,2.261059485689580040e+00,8.438864888051963694e-04,8.436988774632621368e-04,1.105020445804838318e-03
3.636363636363635989e-09,3.613729458107406894e-06,-2.779058434190608236e-06,7.756809807702516046e-01,1.331192520234052590e-03,1.330107688566238826e-03,1.143839999226521197e-03,2.053239225765734489e-07,-1.773392802663894074e-07,2.332171775282283921e+00,8.558498056363368287e-04,8.556207036529960832e-04,1.128309604981436341e-03
3.757575757575757684e-09,3.611976168993392032e-06,-2.743575391902514946e-06,8.091558169572520276e-01,1.343329701414584061e-03,1.342233448096547899e-03,1.146376926039114480e-03,2.006641858689056529e-07,-6.906342976156338767e-08,2.403284182608123043e+00,8.674670716038915654e-04,8.672224009034164337e-04,1.151124641375029806e-03
3.878787878787878553e-09,3.600054508601740035e-06,-2.698162687556584206e-06,8.427772917639675399e-01,1.355367288499384438e-03,1.354267191164204619e-03,1.148813254238088746e-03,1.531256353358933408e-07,8.191070950902036134e-08,2.474396764952422334e+00,8.787430448714113546e-04,8.784919303925643307e-04,1.173414022322460080e-03
3.999999999999999422e-09,3.613748928174472110e-06,-2.653585523248885801e-06,8.765347873423329217e-01,1.367304807337310028e-03,1.366176362509178904e-03,1.151150798326675689e-03,1.759672598003482663e-07,2.296613683244741212e-07,2.545509334332617168e+00,8.896680440930467395e-04,8.893569471014417614e-04,1.195223430965643195e-03
4.121212121212121118e-09,3.657826895156537397e-06,-2.619561123253164579e-06,9.104186859752685379e-01,1.379112191201894207e-03,1.377970754802139257e-03,1.153378620890726678e-03,2.820235267264152032e-07,3.380668790408858735e-07,2.616621934581415232e+00,9.001930558978974003e-04,8.998668905026097281e-04,1.216516285233383956e-03
4.242424242424241987e-09,3.694948781087279341e-06,-2.607493311544322011e-06,9.444202293092772704e-01,1.390813559149431042e-03,1.389611283310419844e-03,1.155371393034409144e-03,3.605410000731667049e-07,3.648460212801202081e-07,2.687734601618943842e+00,9.104307781345237710e-04,9.099212895836472680e-04,1.236655116601085907e-03
4.363636363636363683e-09,3.676992600950755051e-06,-2.618417414841114787e-06,9.785313738642269499e-01,1.402315716351879840e-03,1.401038397335598951e-03,1.157174836618224964e-03,2.899866204623611259e-07,3.301387899175778924e-07,2.758847106957522666e+00,9.201441081980002738e-04,9.193796160445654115e-04,1.255784199821659676e-03
4.484848484848484551e-09,3.658069495571391228e-06,-2.643752062405187483e-06,1.012744806082670257e+00,1.413528444891469201e-03,1.412298931154698251e-03,1.158832627063864206e-03,2.443289591254962961e-07,2.607508621158226556e-07,2.829959504263002135e+00,9.290981363109533566e-04,9.284040682507819489e-04,1.274103943744513915e-03
4.606060606060605420e-09,3.600453917691924378e-06,-2.697187749227206120e-06,1.047053833545035229e+00,1.424511719824035497e-03,1.423352533357271016e-03,1.160401673141422951e-03,1.065593149140039470e-07,1.324299724274539390e-07,2.901071779868118927e+00,9.374568549837921294e-04,9.368983839659923837e-04,1.291956988111491855e-03
4.727272727272727116e-09,3.555005900545128876e-06,-2.739413296398360372e-06,1.081452343746437172e+00,1.435306584520440205e-03,1.434225876940253179e-03,1.161922371805635887e-03,-5.587862520954195677e-09,3.514189650509023098e-08,2.972184091409340034e+00,9.453583500410446365e-04,9.449604065816269872e-04,1.309586642332757683e-03
4.848484848484847985e-09,3.557943186164038960e-06,-2.777442688625776643e-06,1.115934685263602510e+00,1.445933187139851082e-03,1.444875467665076782e-03,1.163378705373937063e-03,2.833442544851012213e-10,-5.186906498008740386e-08,3.043296405418702388e+00,9.528734104949489279e-04,9.525386869299613249e-04,1.326860309881489411e-03
4.969696969696969681e-09,3.596157951920914563e-06,-2.799363164230045292e-06,1.150495663057542473e+00,1.456458145236548801e-03,1.455409570821116242e-03,1.164787192720287239e-03,8.886252874917676756e-08,-9.771346428060237341e-08,3.114408679397760782e+00,9.601597224572477060e-04,9.598548373825145684e-04,1.343850874282667045e-03
5.090909090909090549e-09,3.625314185660589921e-06,-2.791998184076687283e-06,1.185130508533182914e+00,1.466895654635177624e-03,1.465819581932389796e-03,1.166152548128248896e-03,1.537714458364127759e-07,-8.430987780432305366e-08,3.185520955717096037e+00,9.672597869988851585e-04,9.669018071388942861e-04,1.360569195070310874e-03
5.212121212121211418e-09,3.628890831933906746e-06,-2.775933224677105642e-06,1.219834812101297850e+00,1.477264866238684566e-03,1.476173407849979378e-03,1.167496237226060265e-03,1.662795109220505261e-07,-5.792170540954245101e-08,3.256633236243931862e+00,9.742237377903703284e-04,9.738386499757442161e-04,1.377132226394940867e-03
5.333333333333333114e-09,3.627498140347582537e-06,-2.745977386374146705e-06,1.254604511647082310e+00,1.487544094487573514e-03,1.486437727593509705e-03,1.168802403046841163e-03,1.675088994036917723e-07,-1.193349765066366590e-08,3.327745594940539231e+00,9.810121985684970049e-04,9.806072229623485469e-04,1.393445468642844466e-03
5.454545454545453983e-09,3.614371307320509923e-06,-2.703520971051384810e-06,1.289435831513032760e+00,1.497704732223384015e-03,1.496606491836526519e-03,1.170054089905261203e-03,1.500257109638163209e-07,6.150820636729380488e-08,3.398857971365306874e+00,9.875772397726554058e-04,9.872032951913349997e-04,1.409375785993600538e-03
5.575757575757575679e-09,3.608845477590468127e-06,-2.684630437981863515e-06,1.324325285747779857e+00,1.507798950834617069e-03,1.506686651430628326e-03,1.171274193233020440e-03,1.426824991275323944e-07,1.007939570951755720e-07,3.469970385070460406e+00,9.940346280954859715e-04,9.936400411711815428e-04,1.425094653079197289e-03
5.696969696969696547e-09,3.659707742324888600e-06,-2.637060891871136785e-06,1.359269651056585593e+00,1.517773266189692506e-03,1.516633757131855345e-03,1.172448058918230951e-03,2.153603597112215599e-07,1.857564109463583244e-07,3.541082909938181533e+00,1.000282359183758598e-03,9.998614533197702856e-04,1.440507778303281141e-03
5.818181818181818243e-09,3.722464898508167122e-06,-2.567196092998576430e-06,1.394265905358890167e+00,1.527651041684252283e-03,1.526518112124496031e-03,1.173588129887949720e-03,3.003886334194238978e-07,3.049392140661517219e-07,3.612195442257040590e+00,1.006365034565459820e-03,1.005975780099628222e-03,1.455698699660460489e-03
5.939393939393939112e-09,3.758529248664262188e-06,-2.539685413953271985e-06,1.429311253828935868e+00,1.537455555495496678e-03,1.536289800598015978e-03,1.174683950988551729e-03,3.450668382149599388e-07,3.473579201768761299e-07,3.683307981868674030e+00,1.012331706393489053e-03,1.011903208255864571e-03,1.470584792254331840e-03
6.060606060606059981e-09,3.740151455777479658e-06,-2.558783693669695161e-06,1.464403108192503966e+00,1.547095009664199413e-03,1.545884382927837850e-03,1.175675705575834895e-03,3.047140157592270630e-07,3.092388964889229819e-07,3.754420574085186590e+00,1.018059196109769677e-03,1.017545470969812753e-03,1.484731623006116516e-03
6.181818181818181677e-09,3.692209547566145384e-06,-2.600965401021228680e-06,1.499539018372918919e+00,1.556586730109921516e-03,1.555303225669299721e-03,1.176595925077480878e-03,2.271448272120981298e-07,2.375004313143667535e-07,3.825533055025760909e+00,1.023571802554653406e-03,1.022917869276267645e-03,1.498361051802030684e-03
6.303030303030302546e-09,3.664307849358533165e-06,-2.642981915666194885e-06,1.534716733867669713e+00,1.565827566327923030e-03,1.564586226564947981e-03,1.177427017953889881e-03,1.893956003161395253e-07,1.722769878136008022e-07,3.896645508108157241e+00,1.028710859955924567e-03,1.028093548279514994e-03,1.511325814196320168e-03
6.424242424242424241e-09,3.610529953505624155e-06,-2.717441481748049139e-06,1.569934138724713879e+00,1.574861351957273971e-03,1.573679003411809383e-03,1.178193887472478224e-03,1.142674909295300826e-07,6.001568032866537027e-08,3.967757857557036250e+00,1.033542217163680192e-03,1.032984155028310314e-03,1.523791191422002199e-03
6.545454545454545110e-09,3.556246994507835155e-06,-2.766163485479507341e-06,1.605189269818064091e+00,1.583735498364663300e-03,1.582641944808493894e-03,1.178935416958433154e-03,3.409828674954816740e-08,-1.026269797828511793e-08,4.038870166937233108e+00,1.038143157426805368e-03,1.037695774876213478e-03,1.536091721290977746e-03
6.666666666666665979e-09,3.545240992744145548e-06,-2.795157660455363303e-06,1.640480290914918760e+00,1.592504375323427947e-03,1.591421474961920469e-03,1.179659171963929427e-03,1.388339100354798266e-08,-5.115421246696727602e-08,4.109982532733137184e+00,1.042593651219433275e-03,1.042171203388542276e-03,1.548255949718000540e-03
6.787878787878787675e-09,3.556359479807319834e-06,-2.809983168191268639e-06,1.675805466524031617e+00,1.601172162456729157e-03,1.600108058438109862e-03,1.180359578028438664e-03,2.834803550230807862e-08,-6.635986422066232951e-08,4.181094904655542344e+00,1.046910053415247991e-03,1.046514084370359999e-03,1.560233892174716763e-03
6.909090909090908544e-09,3.579860156051121945e-06,-2.814387612199200190e-06,1.711163172770816310e+00,1.609769033316195766e-03,1.608699643661786957e-03,1.181032399673462990e-03,6.310535588990189247e-08,-6.904428318320304913e-08,4.252207262419137379e+00,1.051136480658378808e-03,1.050736264709925018e-03,1.571993389535634696e-03
7.030303030303030240e-09,3.622948507004517184e-06,-2.796919674380850857e-06,1.746551882014332868e+00,1.618320254614701633e-03,1.617225371329526502e-03,1.181694371102924926e-03,1.215850592432214233e-07,-4.563196116883945331e-08,4.323319550701118175e+00,1.055303655352160834e-03,1.054873661649144119e-03,1.583666274830576983e-03
7.151515151515151108e-09,3.641591331885322222e-06,-2.769259726284706959e-06,1.781970171651994894e+00,1.626819974341781787e-03,1.625697787947753869e-03,1.182338775099778206e-03,1.511242518083101026e-07,-1.708360810150186068e-08,4.394431834773161683e+00,1.059404594466977715e-03,1.058951008631485100e-03,1.595191635372753903e-03
7.272727272727271977e-09,3.641511500187468710e-06,-2.749729090221333071e-06,1.817416702720070498e+00,1.635265785066766266e-03,1.634118154505839922e-03,1.182977386232563280e-03,1.565871403911162486e-07,3.952543025946878004e-09,4.465544157530137781e+00,1.063442351749029156e-03,1.062964972503414613e-03,1.606656531603667696e-03
7.393939393939393673e-09,3.650322406288748216e-06,-2.716851281246897366e-06,1.852890212775896384e+00,1.643614176174394356e-03,1.642454032787032427e-03,1.183583816485968450e-03,1.703337657711013302e-07,3.914767063692708138e-08,4.536656549714826347e+00,1.067365128329366038e-03,1.066879916275625213e-03,1.617783552753926640e-03
7.515151515151515369e-09,3.634636732887177807e-06,-2.667538385605770529e-06,1.888389504567767663e+00,1.651891239872564903e-03,1.650726911783174065e-03,1.184182488121718162e-03,1.567138506811020729e-07,9.600079861755230192e-08,4.607768950648651440e+00,1.071205733667208353e-03,1.070722928665592422e-03,1.628845052080723490e-03
7.636363636363635410e-09,3.636848526358105742e-06,-2.655199738633310555e-06,1.923913450808375725e+00,1.660103786639731665e-03,1.658935121991260897e-03,1.184771091953950792e-03,1.636865790875318653e-07,1.146087627854689260e-07,4.678881326247186223e+00,1.074981922285458752e-03,1.074497652113799153e-03,1.639825398530864262e-03
7.757575757575757106e-09,3.686427837471272242e-06,-2.627511229148217014e-06,1.959460999717852037e+00,1.668239351211696191e-03,1.667059939832955849e-03,1.185345660324096809e-03,2.183195467458670970e-07,1.486148735449349940e-07,4.749993741501207900e+00,1.078681138326740424e-03,1.078186650308934598e-03,1.650669426685325101e-03
7.878787878787878802e-09,3.752744418979699123e-06,-2.572238124334749890e-06,1.995031158108985680e+00,1.676301885936457925e-03,1.675116140252711069e-03,1.185899142989857826e-03,2.786887481421682605e-07,2.093120721806505928e-07,4.821106278370549170e+00,1.082286760163624333e-03,1.081806561919347034e-03,1.661304402004044585e-03
7.999999999999998844e-09,3.792934720178112698e-06,-2.522563151844068384e-06,2.030622964970773658e+00,1.684318753440544516e-03,1.683119056442443666e-03,1.186439286249340490e-03,3.073498575036023999e-07,2.634738529501069174e-07,4.892218763085677047e+00,1.085842971546915458e-03,1.085364993360124529e-03,1.671803895787956316e-03
8.121212121212120540e-09,3.809911684142271646e-06,-2.497253074885546296e-06,2.066235534805966889e+00,1.692261104393950758e-03,1.691052800989598613e-03,1.186967574854805828e-03,3.150041746478656455e-07,2.923073204906119329e-07,4.963331286260077135e+00,1.089328637293155615e-03,1.088852359998049345e-03,1.682172766529453634e-03
8.242424242424242236e-09,3.791419705959833212e-06,-2.499174611142335471e-06,2.101868020547072113e+00,1.700103401478940922e-03,1.698855752682765707e-03,1.187455677698056114e-03,2.882105960992531529e-07,2.893999120187392101e-07,5.034443837236003638e+00,1.092718108083185749e-03,1.092202912270048148e-03,1.692093246264257883e-03
8.363636363636363932e-09,3.756094686166807804e-06,-2.531464624513779510e-06,2.137519616675982004e+00,1.707837864709693849e-03,1.706532692543911945e-03,1.187916499954667091e-03,2.456943394910195883e-07,2.552416692191560841e-07,5.105556341426120248e+00,1.096008324911112866e-03,1.095420057141460561e-03,1.701767262385956141e-03
8.484848484848483973e-09,3.712821281089005651e-06,-2.574628340576819041e-06,2.173189561449874407e+00,1.715457375855178887e-03,1.714106011427213522e-03,1.188353026904481313e-03,2.028145358592625022e-07,2.100870304656017524e-07,5.176668809196934617e+00,1.099192390829774714e-03,1.098542246374885432e-03,1.711213758067434186e-03
8.606060606060605669e-09,3.659644398058955596e-06,-2.635080559789313447e-06,2.208877134862853531e+00,1.722900337260317846e-03,1.721584849326663214e-03,1.188762023417370148e-03,1.552752798590129829e-07,1.451115282661665423e-07,5.247781226020753031e+00,1.102197411119798867e-03,1.101563191099553998e-03,1.720365723603279684e-03
8.727272727272727365e-09,3.611126144355665752e-06,-2.704163036574589502e-06,2.244581658067518415e+00,1.730159324342908428e-03,1.728899491073873943e-03,1.189144266776796235e-03,1.098282048874089379e-07,7.325509097237880060e-08,5.318893614288640492e+00,1.105020026436068573e-03,1.104428263847994631e-03,1.729231605940667344e-03
8.848484848484847407e-09,3.565723843961639682e-06,-2.769306061214152976e-06,2.280302483654256918e+00,1.737316930390764248e-03,1.736140034158814398e-03,1.189505055666625162e-03,6.760935234628330786e-08,7.372250443227782361e-09,5.390005983255823807e+00,1.107742414074759174e-03,1.107223993890528967e-03,1.737854707377878109e-03
8.969696969696969103e-09,3.544861012758136586e-06,-2.816108535294717665e-06,2.316038997096123264e+00,1.744393219173773430e-03,1.743284256397015924e-03,1.189855572114091424e-03,4.742643570444449327e-08,-4.038953265474776900e-08,5.461118338635946756e+00,1.110389399449363814e-03,1.109932694873163673e-03,1.746376773134153924e-03
9.090909090909090799e-09,3.534240825916409759e-06,-2.833235739422647821e-06,2.351790615385628058e+00,1.751415223460802686e-03,1.750300895806904122e-03,1.190198862647784319e-03,3.349443996323630508e-08,-5.831960152272517843e-08,5.532230722088873343e+00,1.112985014772571116e-03,1.112535895602376982e-03,1.754820606866356681e-03
9.212121212121210840e-09,3.542545138289111839e-06,-2.842722313338121424e-06,2.387556779504676374e+00,1.758359798705706311e-03,1.757261899577624176e-03,1.190533311181590824e-03,4.235986281364708985e-08,-6.527952449561085578e-08,5.603343114599789843e+00,1.115507880048033102e-03,1.115078823566455300e-03,1.763158909562507256e-03
9.333333333333332536e-09,3.560506220102220099e-06,-2.843472512292414610e-06,2.423336961629861452e+00,1.765265812356265175e-03,1.764177140554999733e-03,1.190859003201646038e-03,6.086468428772463940e-08,-6.167686198335382332e-08,5.674455534850240568e+00,1.117999963961864270e-03,1.117580034920041864e-03,1.771411921677044010e-03
9.454545454545454232e-09,3.590355048113117816e-06,-2.836298804264310870e-06,2.459130653207733275e+00,1.772143332777892811e-03,1.771038021872548430e-03,1.191181182309105887e-03,8.858145059116700040e-08,-5.077532991371975064e-08,5.745567934978105917e+00,1.120465627206630125e-03,1.120035792970775542e-03,1.779620758502451590e-03
9.575757575757575928e-09,3.616717072192164799e-06,-2.816691374937546795e-06,2.494937371064916753e+00,1.778995243008709305e-03,1.777872864472344189e-03,1.191496190670657870e-03,1.149654374211142959e-07,-3.374280388615117194e-08,5.816680283005066343e+00,1.122909353740125359e-03,1.122469351379641817e-03,1.787752883985003561e-03
9.696969696969695969e-09,3.632689140130246096e-06,-2.794203703908532892e-06,2.530756659617080295e+00,1.785814519031858876e-03,1.784668866110140960e-03,1.191805954308468611e-03,1.329068958072024437e-07,-1.974228035560980150e-08,5.887792617159765207e+00,1.125325423338038172e-03,1.124873380942089480e-03,1.795834990684390484e-03
9.818181818181817665e-09,3.650299837296654821e-06,-2.767939384093705916e-06,2.566588081529903143e+00,1.792617474307240224e-03,1.791453537644842418e-03,1.192114248145969028e-03,1.511617114231844080e-07,-2.113940929598975031e-09,5.958904950908872955e+00,1.127727667771807928e-03,1.127268424650631129e-03,1.803903125018365815e-03
9.939393939393939361e-09,3.665151666237222458e-06,-2.749499440716965298e-06,2.602431221138103545e+00,1.799383712307851260e-03,1.798177702020868716e-03,1.192413694289019312e-03,1.645695269872011754e-07,9.642410980395672149e-09,6.030017311578558470e+00,1.130099669225679507e-03,1.129614194041548810e-03,1.811850642008367958e-03
1.006060606060605940e-08,3.666952306575153368e-06,-2.711502720347449018e-06,2.638285679605733236e+00,1.806080516192769790e-03,1.804856885446758314e-03,1.192705271724078418e-03,1.699462494880324141e-07,3.985754438515686494e-08,6.101129692451621622e+00,1.132415105404590986e-03,1.131921899955074147e-03,1.819688152655326609e-03
1.018181818181818110e-08,3.669457365743571692e-06,-2.680269163119220350e-06,2.674151075232014563e+00,1.812739863014469410e-03,1.811505428029155668e-03,1.192993367081714249e-03,1.752367447448556215e-07,6.757310757951415765e-08,6.172242084696277331e+00,1.134701747155866585e-03,1.134206611954363935e-03,1.827483047274546663e-03
1.030303030303030279e-08,3.682605173042509333e-06,-2.662505110978229490e-06,2.710027044130322693e+00,1.819357284958995598e-03,1.818125948621634666e-03,1.193279738997361783e-03,1.868120053812921563e-07,8.377784246668309251e-08,6.243354497769706413e+00,1.136958603970232963e-03,1.136470311117765766e-03,1.835262096926351975e-03
1.042424242424242284e-08,3.704267733511122548e-06,-2.647193844163049551e-06,2.745913235286566945e+00,1.825949141990125058e-03,1.824718825042693365e-03,1.193561748728667708e-03,2.057142127780839224e-07,9.782414154411871703e-08,6.314466894821968879e+00,1.139197465774635003e-03,1.138713437467056685e-03,1.842995677116408566e-03
1.054545454545454453e-08,3.746464481936803035e-06,-2.623501911780641026e-06,2.781809318707996415e+00,1.832499643880465025e-03,1.831269452265843001e-03,1.193838971914220996e-03,2.383278722013970392e-07,1.177962197103534263e-07,6.385579314481289792e+00,1.141403865996384447e-03,1.140924910501830590e-03,1.850665827503601268e-03
1.066666666666666623e-08,3.787352499400457803e-06,-2.584242919428294704e-06,2.817714975020981338e+00,1.839017856163526659e-03,1.837788843128984736e-03,1.194111855126608716e-03,2.655920583411109531e-07,1.485783971332795552e-07,6.456691759861853619e+00,1.143578780200988580e-03,1.143113056773804046e-03,1.858274244603153090e-03
1.078787878787878792e-08,3.819175524212450626e-06,-2.551927331503249182e-06,2.853629897679212490e+00,1.845517867229438946e-03,1.844268738202741158e-03,1.194379207161673419e-03,2.849173023495694318e-07,1.732712393129717492e-07,6.527804209513694111e+00,1.145738666632413428e-03,1.145270738346060822e-03,1.865803902742640703e-03
1.090909090909090797e-08,3.833864378596611044e-06,-2.527524271337902617e-06,2.889553793931445291e+00,1.851996034480521370e-03,1.850734035748409370e-03,1.194643887065742482e-03,2.923804053758010050e-07,1.933825464641220150e-07,6.598916661764882896e+00,1.147883846465826618e-03,1.147415757259276706e-03,1.873303309233113282e-03
1.103030303030302966e-08,3.843605584305826182e-06,-2.516131459624775543e-06,2.925486384791063266e+00,1.858426288986152544e-03,1.857159182076905139e-03,1.194901834487173756e-03,2.955712440972105354e-07,2.047844794866201699e-07,6.670029142008369938e+00,1.149995022981266856e-03,1.149530673432369718e-03,1.880670318862973003e-03
1.115151515151515136e-08,3.835754095606018832e-06,-2.509069048151942671e-06,2.961427400125355991e+00,1.864820365117378278e-03,1.863525821480299573e-03,1.195151173186855247e-03,2.832206354533966112e-07,2.135191882729451852e-07,6.741141640598428353e+00,1.152077825001602022e-03,1.151598135121752967e-03,1.887929441840951192e-03
1.127272727272727140e-08,3.817741655209543147e-06,-2.517427513875795634e-06,2.997376580093680243e+00,1.871164166687335189e-03,1.869832178433397489e-03,1.195392221986159688e-03,2.655495089719171102e-07,2.078298400329993489e-07,6.812254122533408562e+00,1.154128163359552373e-03,1.153619781961549590e-03,1.895096832681831883e-03
1.139393939393939309e-08,3.802557922782172521e-06,-2.526817376747651023e-06,3.033333675134413543e+00,1.877468122318842530e-03,1.876108360413664654e-03,1.195626112615134646e-03,2.528802597206211795e-07,2.007642757750716240e-07,6.883366570096015380e+00,1.156153193026141770e-03,1.155617987933713845e-03,1.902180893053705048e-03
1.151515151515151479e-08,3.785718313239011378e-06,-2.548197235017210693e-06,3.069298448823859271e+00,1.883734677701125008e-03,1.882351563718852403e-03,1.195855820445545061e-03,2.398570020513714455e-07,1.828451533780940601e-07,6.954479006734564095e+00,1.158148364458009248e-03,1.157591045968490865e-03,1.909226344689901817e-03
1.163636363636363649e-08,3.761577590833263934e-06,-2.582837511411035744e-06,3.105270673682542615e+00,1.889918168602866457e-03,1.888542510885088356e-03,1.196080487004392082e-03,2.211923839400382494e-07,1.541438334505623516e-07,7.025591444281371167e+00,1.160080339125086702e-03,1.159523122519705513e-03,1.916208665788272578e-03
1.175757575757575653e-08,3.734644785172773052e-06,-2.614330392513148472e-06,3.141250128198420200e+00,1.896028178393321072e-03,1.894674401823747941e-03,1.196299036641117718e-03,2.003027170194712984e-07,1.289559140780499692e-07,7.096703853044863841e+00,1.161952268387212578e-03,1.161413533591081721e-03,1.923101840004850811e-03
1.187878787878787822e-08,3.709827271858063402e-06,-2.635326192259777942e-06,3.177236602396426246e+00,1.902106741522878886e-03,1.900782264193997791e-03,1.196513446265794244e-03,1.809376906506109988e-07,1.111422072525608198e-07,7.167816244076750998e+00,1.163800916120075841e-03,1.163286464730637357e-03,1.929941431765920881e-03
1.199999999999999992e-08,3.698794055942026198e-06,-2.665967857519282175e-06,3.213229894927635666e+00,1.908146799408422592e-03,1.906863096382091938e-03,1.196721913885611050e-03,1.720143832322850023e-07,8.689958683247186622e-08,7.238928645119010241e+00,1.165620725598182040e-03,1.165138808513243142e-03,1.936707268907423641e-03
